result_no	generate_no	event	flag	
38	0	101	133
38	0	101	149
38	0	101	156
38	0	101	50
38	0	101	56
38	0	105	176
38	0	105	50
38	0	105	56
38	0	105	86
38	0	114	121
38	0	114	50
38	0	114	56
38	0	116	122
38	0	116	134
38	0	116	151
38	0	116	50
38	0	116	56
38	0	118	132
38	0	118	143
38	0	118	171
38	0	118	50
38	0	118	56
38	0	118	86
38	0	135	26
38	0	135	50
38	0	144	50
38	0	144	56
38	0	146	147
38	0	159	26
38	0	164	50
38	0	164	56
38	0	194	143
38	0	194	199
38	0	194	50
38	0	194	56
38	0	202	143
38	0	202	26
38	0	202	50
38	0	202	56
38	0	206	50
38	0	206	56
38	0	208	143
38	0	208	199
38	0	208	50
38	0	208	56
38	0	215	216
38	0	215	50
38	0	215	56
38	0	228	216
38	0	228	50
38	0	228	56
38	0	232	216
38	0	232	50
38	0	232	56
38	0	255	56
38	0	25	26
38	0	25	50
38	0	29	26
38	0	29	50
38	0	31	26
38	0	31	50
38	0	33	26
38	0	33	50
38	0	35	26
38	0	35	50
38	0	42	26
38	0	42	50
38	0	55	50
38	0	55	56
38	0	55	86
38	0	58	50
38	0	58	56
38	0	60	103
38	0	60	50
38	0	60	56
38	0	60	72
38	0	60	91
38	0	63	26
38	0	63	50
38	0	63	56
38	0	65	26
38	0	65	50
38	0	65	56
38	0	67	50
38	0	67	68
38	0	67	75
38	0	70	50
38	0	70	56
38	0	70	75
38	0	82	50
38	0	82	56
38	0	82	86
38	0	82	98
38	0	87	50
38	0	87	56
38	0	87	98
38	0	89	26
38	0	89	50
38	0	92	50
38	0	92	56
38	0	92	99
38	0	96	143
38	0	96	196
38	0	96	50
38	0	96	56
38	0	96	86
