result_no	generate_no	e_no	sub_no	event_id	last_flag_id	flag_id	
45	0	1	0	66	0	91
45	0	1	0	152	0	91
45	0	1	0	227	0	294
45	0	1	0	323	0	91
45	0	1	0	666	0	683
45	0	1	0	681	0	91
45	0	1	0	534	0	91
45	0	1	0	582	0	91
45	0	2	0	66	0	91
45	0	2	0	152	0	91
45	0	2	0	227	0	294
45	0	2	0	323	0	91
45	0	2	0	666	0	683
45	0	2	0	681	0	91
45	0	2	0	534	0	91
45	0	2	0	582	0	91
45	0	3	0	69	0	91
45	0	3	0	147	0	91
45	0	3	0	114	0	91
45	0	3	0	224	0	276
45	0	3	0	220	0	109
45	0	3	0	229	0	91
45	0	3	0	534	0	109
45	0	4	0	71	0	91
45	0	4	0	108	0	91
45	0	4	0	216	0	67
45	0	4	0	681	0	91
45	0	4	0	582	0	91
45	0	5	0	73	0	91
45	0	5	0	111	0	109
45	0	5	0	145	0	109
45	0	5	0	190	0	109
45	0	5	0	196	0	109
45	0	5	0	274	0	91
45	0	7	0	69	0	91
45	0	7	0	147	0	91
45	0	7	0	224	0	91
45	0	7	0	229	0	91
45	0	7	0	415	0	91
45	0	7	0	666	0	109
45	0	7	0	534	0	91
45	0	9	0	66	0	91
45	0	9	0	73	0	67
45	0	9	0	152	0	91
45	0	9	0	227	0	91
45	0	9	0	216	0	91
45	0	9	0	323	0	91
45	0	9	0	319	0	91
45	0	9	0	412	0	91
45	0	10	0	66	0	91
45	0	10	0	152	0	67
45	0	10	0	227	0	91
45	0	10	0	323	0	91
45	0	12	0	75	0	91
45	0	12	0	73	0	91
45	0	12	0	111	0	109
45	0	12	0	145	0	91
45	0	12	0	557	0	109
45	0	13	0	69	0	91
45	0	13	0	77	0	91
45	0	13	0	147	0	91
45	0	13	0	114	0	91
45	0	13	0	224	0	91
45	0	13	0	220	0	91
45	0	13	0	229	0	91
45	0	13	0	347	0	91
45	0	13	0	415	0	91
45	0	14	0	66	0	67
45	0	15	0	69	0	67
45	0	15	0	75	0	91
45	0	15	0	73	0	91
45	0	15	0	111	0	109
45	0	15	0	145	0	91
45	0	15	0	557	0	109
45	0	17	0	77	0	91
45	0	17	0	114	0	91
45	0	17	0	220	0	91
45	0	17	0	229	0	91
45	0	17	0	347	0	91
45	0	17	0	415	0	91
45	0	17	0	732	0	91
45	0	17	0	534	0	109
45	0	17	0	557	0	91
45	0	19	0	345	0	67
45	0	19	0	71	0	91
45	0	19	0	108	0	91
45	0	19	0	216	0	91
45	0	19	0	319	0	91
45	0	19	0	412	0	91
45	0	19	0	681	0	109
45	0	19	0	582	0	91
45	0	24	0	66	0	91
45	0	24	0	152	0	91
45	0	24	0	227	0	91
45	0	24	0	216	0	91
45	0	24	0	323	0	91
45	0	24	0	319	0	91
45	0	24	0	412	0	91
45	0	25	0	66	0	91
45	0	25	0	152	0	109
45	0	25	0	227	0	109
45	0	25	0	323	0	91
45	0	25	0	319	0	380
45	0	25	0	534	0	417
45	0	25	0	582	0	109
45	0	31	0	77	0	91
45	0	31	0	114	0	91
45	0	31	0	220	0	91
45	0	31	0	229	0	381
45	0	31	0	347	0	91
45	0	31	0	415	0	109
45	0	31	0	666	0	91
45	0	31	0	534	0	91
45	0	32	0	69	0	91
45	0	32	0	147	0	91
45	0	32	0	224	0	91
45	0	32	0	229	0	91
45	0	32	0	415	0	91
45	0	32	0	666	0	109
45	0	32	0	534	0	91
45	0	34	0	77	0	91
45	0	34	0	114	0	91
45	0	34	0	220	0	295
45	0	34	0	229	0	91
45	0	34	0	666	0	91
45	0	34	0	534	0	91
45	0	35	0	77	0	91
45	0	35	0	114	0	91
45	0	35	0	220	0	91
45	0	35	0	347	0	91
45	0	35	0	415	0	91
45	0	35	0	666	0	91
45	0	35	0	534	0	91
45	0	39	0	73	0	91
45	0	39	0	149	0	91
45	0	39	0	111	0	91
45	0	39	0	145	0	91
45	0	39	0	190	0	91
45	0	39	0	196	0	91
45	0	39	0	274	0	293
45	0	39	0	736	0	91
45	0	40	0	351	0	352
45	0	40	0	75	0	67
45	0	40	0	73	0	91
45	0	40	0	149	0	150
45	0	40	0	111	0	109
45	0	40	0	145	0	109
45	0	40	0	196	0	91
45	0	40	0	582	0	109
45	0	40	0	557	0	109
45	0	41	0	77	0	91
45	0	41	0	114	0	91
45	0	41	0	220	0	91
45	0	41	0	229	0	381
45	0	41	0	347	0	91
45	0	41	0	415	0	109
45	0	41	0	666	0	91
45	0	41	0	534	0	91
45	0	45	0	345	0	67
45	0	45	0	71	0	91
45	0	45	0	108	0	91
45	0	45	0	216	0	91
45	0	45	0	319	0	91
45	0	45	0	412	0	91
45	0	45	0	681	0	109
45	0	45	0	582	0	91
45	0	46	0	69	0	91
45	0	46	0	66	0	67
45	0	46	0	77	0	91
45	0	46	0	147	0	91
45	0	46	0	114	0	91
45	0	46	0	224	0	91
45	0	46	0	220	0	109
45	0	46	0	229	0	109
45	0	46	0	666	0	109
45	0	46	0	534	0	91
45	0	49	0	73	0	91
45	0	49	0	111	0	109
45	0	49	0	145	0	109
45	0	49	0	196	0	109
45	0	49	0	557	0	109
45	0	49	0	730	0	91
45	0	49	0	877	0	91
45	0	51	0	77	0	91
45	0	51	0	114	0	91
45	0	51	0	220	0	91
45	0	51	0	229	0	381
45	0	51	0	347	0	91
45	0	51	0	415	0	109
45	0	51	0	666	0	91
45	0	51	0	534	0	91
45	0	54	0	77	0	91
45	0	54	0	114	0	91
45	0	54	0	220	0	91
45	0	54	0	229	0	381
45	0	54	0	347	0	91
45	0	54	0	415	0	109
45	0	54	0	666	0	91
45	0	54	0	534	0	91
45	0	58	0	77	0	91
45	0	58	0	114	0	91
45	0	58	0	220	0	91
45	0	58	0	347	0	91
45	0	58	0	415	0	91
45	0	58	0	732	0	91
45	0	58	0	557	0	91
45	0	59	0	77	0	91
45	0	59	0	114	0	91
45	0	59	0	220	0	91
45	0	59	0	347	0	91
45	0	59	0	415	0	91
45	0	59	0	732	0	91
45	0	59	0	557	0	91
45	0	60	0	69	0	91
45	0	60	0	147	0	91
45	0	60	0	224	0	276
45	0	60	0	229	0	91
45	0	60	0	347	0	91
45	0	61	0	77	0	91
45	0	61	0	114	0	91
45	0	61	0	220	0	91
45	0	61	0	229	0	381
45	0	61	0	347	0	91
45	0	61	0	415	0	109
45	0	62	0	77	0	91
45	0	62	0	114	0	109
45	0	62	0	229	0	91
45	0	62	0	534	0	109
45	0	63	0	345	0	67
45	0	63	0	71	0	67
45	0	63	0	152	0	109
45	0	63	0	227	0	109
45	0	63	0	323	0	356
45	0	63	0	319	0	109
45	0	63	0	582	0	109
45	0	64	0	73	0	91
45	0	64	0	149	0	150
45	0	64	0	111	0	109
45	0	64	0	145	0	109
45	0	64	0	190	0	109
45	0	64	0	196	0	109
45	0	64	0	274	0	354
45	0	64	0	534	0	109
45	0	64	0	557	0	109
45	0	65	0	345	0	67
45	0	65	0	71	0	91
45	0	65	0	108	0	91
45	0	65	0	216	0	91
45	0	65	0	319	0	91
45	0	65	0	412	0	91
45	0	65	0	681	0	109
45	0	65	0	582	0	91
45	0	66	0	77	0	91
45	0	66	0	114	0	91
45	0	66	0	220	0	91
45	0	66	0	347	0	91
45	0	66	0	415	0	91
45	0	66	0	732	0	91
45	0	66	0	557	0	91
45	0	69	0	351	0	352
45	0	69	0	77	0	91
45	0	69	0	147	0	91
45	0	69	0	114	0	91
45	0	69	0	224	0	91
45	0	69	0	220	0	276
45	0	69	0	229	0	109
45	0	69	0	534	0	109
45	0	71	0	77	0	91
45	0	71	0	114	0	91
45	0	71	0	220	0	91
45	0	71	0	347	0	91
45	0	71	0	415	0	91
45	0	71	0	732	0	91
45	0	71	0	557	0	91
45	0	72	0	71	0	91
45	0	72	0	108	0	91
45	0	72	0	216	0	67
45	0	72	0	274	0	109
45	0	72	0	681	0	109
45	0	72	0	582	0	91
45	0	73	0	75	0	91
45	0	73	0	73	0	91
45	0	73	0	111	0	109
45	0	73	0	145	0	91
45	0	73	0	732	0	91
45	0	73	0	557	0	91
45	0	73	0	730	0	91
45	0	73	0	877	0	417
45	0	75	0	77	0	91
45	0	75	0	114	0	91
45	0	75	0	220	0	91
45	0	75	0	347	0	91
45	0	75	0	415	0	91
45	0	75	0	666	0	91
45	0	75	0	534	0	91
45	0	76	0	77	0	91
45	0	76	0	147	0	91
45	0	76	0	114	0	91
45	0	76	0	224	0	91
45	0	76	0	220	0	109
45	0	76	0	229	0	91
45	0	76	0	347	0	67
45	0	76	0	415	0	91
45	0	76	0	534	0	109
45	0	79	0	77	0	91
45	0	79	0	114	0	109
45	0	79	0	229	0	109
45	0	79	0	347	0	67
45	0	81	0	77	0	91
45	0	81	0	114	0	91
45	0	81	0	220	0	91
45	0	81	0	229	0	91
45	0	81	0	347	0	91
45	0	81	0	666	0	683
45	0	81	0	534	0	91
45	0	81	0	582	0	109
45	0	82	0	77	0	91
45	0	82	0	147	0	91
45	0	82	0	114	0	91
45	0	82	0	224	0	91
45	0	82	0	220	0	109
45	0	82	0	229	0	91
45	0	82	0	347	0	67
45	0	82	0	415	0	91
45	0	82	0	534	0	109
45	0	83	0	77	0	91
45	0	83	0	147	0	91
45	0	83	0	114	0	91
45	0	83	0	224	0	91
45	0	83	0	220	0	109
45	0	83	0	229	0	91
45	0	83	0	347	0	67
45	0	83	0	415	0	91
45	0	83	0	534	0	109
45	0	84	0	77	0	91
45	0	84	0	147	0	91
45	0	84	0	114	0	91
45	0	84	0	224	0	91
45	0	84	0	220	0	109
45	0	84	0	229	0	91
45	0	84	0	347	0	67
45	0	84	0	415	0	91
45	0	84	0	534	0	109
45	0	86	0	71	0	91
45	0	86	0	108	0	91
45	0	86	0	216	0	67
45	0	86	0	681	0	91
45	0	86	0	582	0	109
45	0	89	0	66	0	91
45	0	89	0	152	0	109
45	0	89	0	227	0	109
45	0	89	0	323	0	91
45	0	89	0	319	0	380
45	0	89	0	534	0	417
45	0	89	0	582	0	109
45	0	96	0	69	0	91
45	0	96	0	147	0	91
45	0	96	0	224	0	91
45	0	96	0	229	0	91
45	0	96	0	415	0	91
45	0	96	0	666	0	109
45	0	96	0	534	0	91
45	0	99	0	69	0	91
45	0	99	0	77	0	91
45	0	99	0	147	0	91
45	0	99	0	114	0	91
45	0	99	0	224	0	91
45	0	99	0	220	0	109
45	0	99	0	229	0	109
45	0	99	0	666	0	109
45	0	99	0	534	0	91
45	0	100	0	69	0	91
45	0	100	0	77	0	91
45	0	100	0	147	0	91
45	0	100	0	114	0	91
45	0	100	0	224	0	91
45	0	100	0	220	0	109
45	0	100	0	229	0	109
45	0	100	0	666	0	109
45	0	100	0	534	0	91
45	0	112	0	351	0	352
45	0	112	0	75	0	91
45	0	112	0	73	0	91
45	0	112	0	149	0	91
45	0	112	0	111	0	91
45	0	112	0	145	0	91
45	0	112	0	190	0	91
45	0	112	0	196	0	109
45	0	112	0	274	0	91
45	0	113	0	77	0	91
45	0	113	0	147	0	91
45	0	113	0	114	0	91
45	0	113	0	224	0	91
45	0	113	0	220	0	109
45	0	113	0	229	0	91
45	0	113	0	347	0	67
45	0	113	0	415	0	91
45	0	113	0	534	0	109
45	0	114	0	351	0	352
45	0	114	0	75	0	91
45	0	114	0	73	0	91
45	0	114	0	149	0	91
45	0	114	0	111	0	91
45	0	114	0	145	0	91
45	0	114	0	190	0	91
45	0	114	0	196	0	109
45	0	114	0	274	0	91
45	0	115	0	69	0	91
45	0	115	0	147	0	91
45	0	115	0	224	0	91
45	0	115	0	229	0	91
45	0	115	0	415	0	91
45	0	115	0	666	0	109
45	0	115	0	534	0	91
45	0	116	0	351	0	352
45	0	116	0	75	0	91
45	0	116	0	149	0	91
45	0	116	0	111	0	91
45	0	116	0	145	0	91
45	0	116	0	190	0	91
45	0	116	0	196	0	91
45	0	116	0	274	0	91
45	0	116	0	736	0	91
45	0	117	0	351	0	352
45	0	117	0	75	0	91
45	0	117	0	73	0	91
45	0	117	0	149	0	91
45	0	117	0	111	0	91
45	0	117	0	145	0	91
45	0	117	0	190	0	91
45	0	117	0	196	0	109
45	0	117	0	274	0	91
45	0	118	0	71	0	91
45	0	118	0	108	0	91
45	0	118	0	216	0	67
45	0	118	0	274	0	109
45	0	118	0	582	0	109
45	0	121	0	71	0	91
45	0	121	0	108	0	91
45	0	121	0	216	0	67
45	0	121	0	274	0	109
45	0	121	0	681	0	683
45	0	121	0	582	0	109
45	0	125	0	351	0	352
45	0	125	0	71	0	91
45	0	125	0	108	0	144
45	0	125	0	227	0	109
45	0	125	0	323	0	356
45	0	125	0	319	0	109
45	0	135	0	69	0	91
45	0	135	0	77	0	91
45	0	135	0	147	0	91
45	0	135	0	114	0	91
45	0	135	0	224	0	91
45	0	135	0	220	0	109
45	0	135	0	229	0	109
45	0	135	0	666	0	109
45	0	135	0	534	0	91
45	0	136	0	69	0	91
45	0	136	0	147	0	91
45	0	136	0	224	0	91
45	0	136	0	229	0	91
45	0	136	0	415	0	91
45	0	136	0	666	0	109
45	0	136	0	534	0	91
45	0	137	0	351	0	352
45	0	137	0	77	0	91
45	0	137	0	114	0	91
45	0	137	0	220	0	91
45	0	137	0	229	0	396
45	0	137	0	347	0	67
45	0	138	0	66	0	91
45	0	138	0	152	0	91
45	0	138	0	227	0	109
45	0	138	0	216	0	91
45	0	138	0	319	0	91
45	0	138	0	681	0	91
45	0	138	0	582	0	91
45	0	138	0	557	0	109
45	0	143	0	66	0	91
45	0	143	0	152	0	91
45	0	143	0	227	0	91
45	0	143	0	323	0	91
45	0	143	0	319	0	380
45	0	143	0	412	0	109
45	0	143	0	681	0	109
45	0	143	0	582	0	91
45	0	145	0	66	0	91
45	0	145	0	152	0	91
45	0	145	0	227	0	91
45	0	145	0	323	0	91
45	0	145	0	319	0	380
45	0	145	0	412	0	109
45	0	145	0	681	0	109
45	0	145	0	582	0	91
45	0	146	0	71	0	91
45	0	146	0	534	0	109
45	0	149	0	69	0	91
45	0	149	0	147	0	91
45	0	149	0	114	0	91
45	0	149	0	224	0	91
45	0	149	0	220	0	109
45	0	149	0	229	0	91
45	0	149	0	415	0	91
45	0	151	0	77	0	91
45	0	151	0	114	0	109
45	0	151	0	229	0	109
45	0	151	0	534	0	109
45	0	153	0	66	0	91
45	0	153	0	152	0	91
45	0	153	0	227	0	91
45	0	153	0	216	0	67
45	0	153	0	323	0	91
45	0	153	0	412	0	91
45	0	153	0	666	0	109
45	0	153	0	681	0	91
45	0	153	0	732	0	91
45	0	153	0	534	0	91
45	0	153	0	582	0	91
45	0	153	0	557	0	91
45	0	165	0	69	0	91
45	0	165	0	147	0	91
45	0	165	0	114	0	91
45	0	165	0	224	0	91
45	0	165	0	220	0	91
45	0	165	0	347	0	91
45	0	165	0	415	0	91
45	0	165	0	666	0	91
45	0	165	0	534	0	91
45	0	166	0	69	0	91
45	0	166	0	147	0	91
45	0	166	0	108	0	91
45	0	166	0	224	0	91
45	0	166	0	216	0	91
45	0	166	0	229	0	91
45	0	166	0	347	0	91
45	0	166	0	319	0	91
45	0	166	0	415	0	91
45	0	166	0	666	0	109
45	0	166	0	732	0	91
45	0	166	0	534	0	91
45	0	166	0	557	0	91
45	0	167	0	69	0	91
45	0	167	0	147	0	91
45	0	167	0	114	0	91
45	0	167	0	224	0	91
45	0	167	0	220	0	91
45	0	167	0	229	0	91
45	0	167	0	347	0	91
45	0	167	0	274	0	91
45	0	167	0	415	0	91
45	0	167	0	666	0	109
45	0	167	0	534	0	91
45	0	172	0	77	0	91
45	0	172	0	147	0	91
45	0	172	0	114	0	109
45	0	172	0	224	0	109
45	0	172	0	534	0	109
45	0	180	0	75	0	91
45	0	180	0	149	0	91
45	0	180	0	111	0	91
45	0	180	0	190	0	91
45	0	180	0	196	0	91
45	0	180	0	274	0	91
45	0	180	0	736	0	91
45	0	180	0	732	0	91
45	0	180	0	557	0	91
45	0	181	0	66	0	91
45	0	181	0	152	0	91
45	0	181	0	108	0	91
45	0	181	0	216	0	91
45	0	181	0	319	0	91
45	0	181	0	412	0	91
45	0	181	0	681	0	91
45	0	181	0	582	0	91
