result_no	generate_no	e_no	sub_no	skill_no	skill_id	
10	0	1	0	0	1
10	0	1	0	1	2
10	0	1	0	2	3
10	0	1	0	3	4
10	0	1	0	4	5
10	0	1	0	5	6
10	0	1	0	6	7
10	0	1	0	7	18
10	0	1	0	8	19
10	0	1	0	9	131
10	0	1	0	10	15
10	0	1	0	10000	8
10	0	1	0	10001	9
10	0	1	0	10002	10
10	0	1	0	10003	11
10	0	1	0	10004	12
10	0	1	0	10005	13
10	0	3	0	0	1
10	0	3	0	1	2
10	0	3	0	2	3
10	0	3	0	3	4
10	0	3	0	4	5
10	0	3	0	5	6
10	0	3	0	6	7
10	0	3	0	7	52
10	0	3	0	8	101
10	0	3	0	10000	39
10	0	3	0	10001	13
10	0	4	0	0	1
10	0	4	0	1	5
10	0	4	0	2	29
10	0	4	0	3	69
10	0	4	0	4	232
10	0	4	0	5	233
10	0	4	0	6	236
10	0	4	0	7	3
10	0	4	0	8	114
10	0	4	0	9	4
10	0	4	0	10	2
10	0	4	0	11	6
10	0	4	0	12	7
10	0	4	0	10000	60
10	0	4	0	10001	38
10	0	4	0	10002	39
10	0	4	0	10003	10
10	0	4	0	10004	11
10	0	4	0	10005	13
10	0	5	0	0	1
10	0	5	0	1	2
10	0	5	0	2	3
10	0	5	0	3	4
10	0	5	0	4	5
10	0	5	0	5	6
10	0	5	0	6	7
10	0	5	0	7	29
10	0	5	0	8	43
10	0	5	0	9	65
10	0	5	0	10	68
10	0	5	0	11	69
10	0	5	0	12	113
10	0	5	0	13	115
10	0	5	0	10000	11
10	0	6	0	0	1
10	0	6	0	1	2
10	0	6	0	2	3
10	0	6	0	3	4
10	0	6	0	4	5
10	0	6	0	5	6
10	0	6	0	6	7
10	0	6	0	7	18
10	0	6	0	8	242
10	0	6	0	9	131
10	0	7	0	0	1
10	0	7	0	1	2
10	0	7	0	2	3
10	0	7	0	3	4
10	0	7	0	4	5
10	0	7	0	5	6
10	0	7	0	6	7
10	0	8	0	0	1
10	0	8	0	1	2
10	0	8	0	2	3
10	0	8	0	3	4
10	0	8	0	4	5
10	0	8	0	5	6
10	0	8	0	6	7
10	0	8	0	7	18
10	0	8	0	8	19
10	0	8	0	9	96
10	0	8	0	10	89
10	0	8	0	11	97
10	0	8	0	12	197
10	0	8	1	1	29
10	0	8	1	2	43
10	0	8	1	3	113
10	0	8	1	4	68
10	0	8	1	5	69
10	0	8	1	6	114
10	0	8	1	7	115
10	0	8	1	8	116
10	0	8	1	9	117
10	0	8	1	10	118
10	0	8	1	11	119
10	0	8	1	17	5
10	0	8	1	18	44
10	0	8	1	19	88
10	0	8	1	20	185
10	0	8	1	21	45
10	0	8	1	22	46
10	0	8	1	23	186
10	0	8	1	24	187
10	0	8	1	25	47
10	0	8	1	26	48
10	0	8	1	27	188
10	0	8	1	28	189
10	0	8	1	10000	12
10	0	8	1	10001	13
10	0	9	0	0	1
10	0	9	0	1	2
10	0	9	0	2	3
10	0	9	0	3	4
10	0	9	0	4	5
10	0	9	0	5	6
10	0	9	0	6	7
10	0	9	0	7	19
10	0	9	0	8	45
10	0	9	0	9	161
10	0	9	0	10	164
10	0	9	0	10000	39
10	0	9	0	10001	12
10	0	9	0	10002	13
10	0	9	1	1	14
10	0	9	1	2	15
10	0	9	1	3	16
10	0	9	1	4	17
10	0	9	1	5	18
10	0	9	1	6	19
10	0	9	1	7	20
10	0	9	1	8	21
10	0	9	1	17	14
10	0	9	1	18	15
10	0	9	1	19	16
10	0	9	1	20	17
10	0	9	1	21	107
10	0	9	1	22	108
10	0	9	1	23	109
10	0	9	1	24	110
10	0	9	1	25	111
10	0	9	1	10000	39
10	0	9	1	10001	12
10	0	9	1	10002	13
10	0	9	2	1	27
10	0	9	2	2	41
10	0	9	2	3	42
10	0	9	2	4	29
10	0	9	2	5	43
10	0	9	2	6	44
10	0	9	2	7	45
10	0	9	2	8	46
10	0	9	2	9	47
10	0	9	2	10	48
10	0	9	2	17	4
10	0	9	2	18	27
10	0	9	2	19	64
10	0	9	2	20	65
10	0	9	2	21	41
10	0	9	2	22	42
10	0	9	2	23	66
10	0	9	2	24	67
10	0	9	2	25	29
10	0	9	2	26	43
10	0	9	2	27	68
10	0	9	2	28	69
10	0	9	2	10000	8
10	0	9	2	10001	12
10	0	9	2	10002	13
10	0	9	2	10003	39
10	0	9	3	1	27
10	0	9	3	2	41
10	0	9	3	3	42
10	0	9	3	4	29
10	0	9	3	5	43
10	0	9	3	6	44
10	0	9	3	7	45
10	0	9	3	8	46
10	0	9	3	9	47
10	0	9	3	10	48
10	0	9	3	17	4
10	0	9	3	18	27
10	0	9	3	19	64
10	0	9	3	20	65
10	0	9	3	21	41
10	0	9	3	22	42
10	0	9	3	23	66
10	0	9	3	24	67
10	0	9	3	25	29
10	0	9	3	26	43
10	0	9	3	27	68
10	0	9	3	28	69
10	0	9	3	10000	8
10	0	9	3	10001	12
10	0	9	3	10002	13
10	0	9	3	10003	39
10	0	11	0	0	1
10	0	11	0	1	2
10	0	11	0	2	3
10	0	11	0	3	4
10	0	11	0	4	5
10	0	11	0	5	6
10	0	11	0	6	7
10	0	11	0	7	18
10	0	11	0	8	89
10	0	11	0	10000	12
10	0	11	0	10001	13
10	0	11	1	1	4
10	0	11	1	2	27
10	0	11	1	3	64
10	0	11	1	4	65
10	0	11	1	5	41
10	0	11	1	6	42
10	0	11	1	7	66
10	0	11	1	8	67
10	0	11	1	9	29
10	0	11	1	10	43
10	0	11	1	11	68
10	0	11	1	12	69
10	0	11	1	17	4
10	0	11	1	18	27
10	0	11	1	19	64
10	0	11	1	20	65
10	0	11	1	21	41
10	0	11	1	22	42
10	0	11	1	23	66
10	0	11	1	24	67
10	0	11	1	25	29
10	0	11	1	26	43
10	0	11	1	27	68
10	0	11	1	28	69
10	0	11	1	10000	8
10	0	11	1	10001	10
10	0	11	1	10002	11
10	0	11	1	10003	13
10	0	11	1	10004	9
10	0	11	2	1	27
10	0	11	2	2	41
10	0	11	2	3	42
10	0	11	2	4	29
10	0	11	2	5	43
10	0	11	2	6	44
10	0	11	2	7	45
10	0	11	2	8	46
10	0	11	2	9	47
10	0	11	2	10	48
10	0	11	2	17	27
10	0	11	2	18	41
10	0	11	2	19	42
10	0	11	2	20	29
10	0	11	2	21	43
10	0	11	2	22	44
10	0	11	2	23	45
10	0	11	2	24	46
10	0	11	2	25	47
10	0	11	2	26	48
10	0	11	2	10000	8
10	0	11	2	10001	10
10	0	11	2	10002	11
10	0	11	2	10003	13
10	0	11	2	10004	9
10	0	12	0	0	1
10	0	12	0	1	2
10	0	12	0	2	3
10	0	12	0	3	4
10	0	12	0	4	5
10	0	12	0	5	6
10	0	12	0	6	7
10	0	12	0	7	45
10	0	12	0	8	161
10	0	12	0	9	114
10	0	12	0	10000	8
10	0	12	0	10001	38
10	0	12	0	10002	40
10	0	12	0	10003	9
10	0	12	0	10004	10
10	0	12	0	10005	12
10	0	12	1	1	27
10	0	12	1	2	41
10	0	12	1	3	42
10	0	12	1	4	29
10	0	12	1	5	43
10	0	12	1	6	44
10	0	12	1	7	45
10	0	12	1	8	46
10	0	12	1	9	47
10	0	12	1	10	48
10	0	12	1	17	14
10	0	12	1	18	16
10	0	12	1	19	27
10	0	12	1	20	28
10	0	12	1	21	29
10	0	12	1	22	30
10	0	12	1	23	31
10	0	12	1	24	32
10	0	12	1	25	33
10	0	12	1	26	34
10	0	12	1	27	35
10	0	12	1	10000	12
10	0	12	1	10001	38
10	0	12	1	10002	40
10	0	13	0	0	1
10	0	13	0	1	2
10	0	13	0	2	3
10	0	13	0	3	4
10	0	13	0	4	5
10	0	13	0	5	6
10	0	13	0	6	7
10	0	13	0	7	75
10	0	13	0	8	15
10	0	13	0	9	73
10	0	13	0	10	74
10	0	13	0	10000	12
10	0	13	0	10001	13
10	0	14	0	0	1
10	0	14	0	1	2
10	0	14	0	2	3
10	0	14	0	3	4
10	0	14	0	4	5
10	0	14	0	5	6
10	0	14	0	6	7
10	0	14	0	7	41
10	0	14	0	8	45
10	0	14	0	9	66
10	0	14	0	10	67
10	0	14	0	11	161
10	0	14	0	12	162
10	0	14	0	13	164
10	0	14	0	14	287
10	0	14	0	15	282
10	0	14	0	16	28
10	0	14	0	10000	40
10	0	14	0	10001	12
10	0	15	0	0	1
10	0	15	0	1	2
10	0	15	0	2	3
10	0	15	0	3	4
10	0	15	0	4	5
10	0	15	0	5	6
10	0	15	0	6	7
10	0	15	0	7	81
10	0	15	0	8	131
10	0	15	0	9	251
10	0	15	0	10	220
10	0	15	0	10000	12
10	0	15	0	10001	13
10	0	16	0	0	1
10	0	16	0	1	2
10	0	16	0	2	3
10	0	16	0	3	4
10	0	16	0	4	5
10	0	16	0	5	6
10	0	16	0	6	7
10	0	16	0	7	45
10	0	16	0	8	29
10	0	16	0	9	182
10	0	16	0	10	46
10	0	16	0	11	181
10	0	16	0	10000	8
10	0	16	0	10001	61
10	0	16	0	10002	40
10	0	16	0	10003	12
10	0	16	0	10004	13
10	0	17	0	0	1
10	0	17	0	1	2
10	0	17	0	2	3
10	0	17	0	3	4
10	0	17	0	4	5
10	0	17	0	5	6
10	0	17	0	6	7
10	0	17	0	7	18
10	0	17	0	8	89
10	0	17	0	9	182
10	0	17	0	10000	12
10	0	17	0	10001	13
10	0	17	1	1	14
10	0	17	1	2	15
10	0	17	1	3	16
10	0	17	1	4	17
10	0	17	1	5	18
10	0	17	1	6	19
10	0	17	1	7	20
10	0	17	1	8	21
10	0	17	1	17	1
10	0	17	1	18	2
10	0	17	1	19	3
10	0	17	1	20	4
10	0	17	1	21	5
10	0	17	1	22	6
10	0	17	1	23	7
10	0	17	1	10000	10
10	0	17	1	10001	12
10	0	17	1	10002	61
10	0	17	1	10003	9
10	0	18	0	0	1
10	0	18	0	1	2
10	0	18	0	2	3
10	0	18	0	3	4
10	0	18	0	4	5
10	0	18	0	5	6
10	0	18	0	6	7
10	0	18	0	7	18
10	0	18	0	8	96
10	0	18	0	10000	63
10	0	18	0	10001	11
10	0	18	0	10002	12
10	0	18	0	10003	13
10	0	19	0	0	1
10	0	19	0	1	2
10	0	19	0	2	3
10	0	19	0	3	4
10	0	19	0	4	5
10	0	19	0	5	6
10	0	19	0	6	7
10	0	19	0	7	28
10	0	19	0	8	45
10	0	19	0	9	68
10	0	19	0	10000	61
10	0	19	0	10001	39
10	0	20	0	0	1
10	0	20	0	1	2
10	0	20	0	2	3
10	0	20	0	3	4
10	0	20	0	4	5
10	0	20	0	5	6
10	0	20	0	6	7
10	0	20	0	10000	60
10	0	20	0	10001	12
10	0	20	0	10002	13
10	0	21	0	0	1
10	0	21	0	1	2
10	0	21	0	2	3
10	0	21	0	3	4
10	0	21	0	4	5
10	0	21	0	5	6
10	0	21	0	6	7
10	0	21	0	7	28
10	0	21	0	8	29
10	0	21	0	9	27
10	0	21	0	10	44
10	0	21	0	11	48
10	0	21	0	12	254
10	0	21	0	13	161
10	0	21	0	14	114
10	0	21	0	15	88
10	0	21	0	10000	12
10	0	22	0	0	1
10	0	22	0	1	2
10	0	22	0	2	3
10	0	22	0	3	4
10	0	22	0	4	5
10	0	22	0	5	6
10	0	22	0	6	7
10	0	22	0	7	52
10	0	22	0	8	166
10	0	22	0	9	28
10	0	22	0	10	161
10	0	22	0	10000	8
10	0	22	0	10001	12
10	0	22	0	10002	13
10	0	22	1	1	27
10	0	22	1	2	41
10	0	22	1	3	42
10	0	22	1	4	29
10	0	22	1	5	43
10	0	22	1	6	44
10	0	22	1	7	45
10	0	22	1	8	46
10	0	22	1	9	47
10	0	22	1	10	48
10	0	22	1	17	4
10	0	22	1	18	27
10	0	22	1	19	64
10	0	22	1	20	65
10	0	22	1	21	41
10	0	22	1	22	42
10	0	22	1	23	66
10	0	22	1	24	67
10	0	22	1	25	29
10	0	22	1	26	43
10	0	22	1	27	68
10	0	22	1	28	69
10	0	22	1	10000	8
10	0	22	1	10001	11
10	0	22	1	10002	12
10	0	22	1	10003	13
10	0	22	2	1	14
10	0	22	2	2	15
10	0	22	2	3	16
10	0	22	2	4	17
10	0	22	2	5	107
10	0	22	2	6	108
10	0	22	2	7	109
10	0	22	2	8	110
10	0	22	2	9	111
10	0	22	2	17	14
10	0	22	2	18	15
10	0	22	2	19	16
10	0	22	2	20	17
10	0	22	2	21	18
10	0	22	2	22	19
10	0	22	2	23	20
10	0	22	2	24	21
10	0	22	2	10000	8
10	0	22	2	10001	11
10	0	22	2	10002	12
10	0	22	2	10003	13
10	0	22	2	10004	40
10	0	22	3	1	27
10	0	22	3	2	41
10	0	22	3	3	42
10	0	22	3	4	29
10	0	22	3	5	43
10	0	22	3	6	44
10	0	22	3	7	45
10	0	22	3	8	46
10	0	22	3	9	47
10	0	22	3	10	48
10	0	22	3	17	1
10	0	22	3	18	2
10	0	22	3	19	3
10	0	22	3	20	4
10	0	22	3	21	5
10	0	22	3	22	6
10	0	22	3	23	7
10	0	22	3	10000	8
10	0	22	3	10001	11
10	0	22	3	10002	12
10	0	22	3	10003	13
10	0	22	3	10004	40
10	0	23	0	0	1
10	0	23	0	1	2
10	0	23	0	2	3
10	0	23	0	3	4
10	0	23	0	4	5
10	0	23	0	5	6
10	0	23	0	6	7
10	0	23	0	7	18
10	0	23	0	8	97
10	0	23	0	9	131
10	0	23	0	10000	11
10	0	23	0	10001	12
10	0	23	0	10002	13
10	0	24	0	0	1
10	0	24	0	1	2
10	0	24	0	2	3
10	0	24	0	3	4
10	0	24	0	4	5
10	0	24	0	5	6
10	0	24	0	6	7
10	0	24	0	7	185
10	0	24	0	8	67
10	0	24	0	9	88
10	0	24	0	10	69
10	0	25	0	0	1
10	0	25	0	1	2
10	0	25	0	2	3
10	0	25	0	3	4
10	0	25	0	4	5
10	0	25	0	5	6
10	0	25	0	6	7
10	0	25	0	7	53
10	0	25	0	8	54
10	0	25	0	9	261
10	0	25	0	10	102
10	0	25	0	10000	8
10	0	25	0	10001	61
10	0	25	0	10002	39
10	0	25	0	10003	9
10	0	25	0	10004	10
10	0	25	0	10005	11
10	0	25	0	10006	13
10	0	25	1	1	14
10	0	25	1	2	15
10	0	25	1	3	16
10	0	25	1	4	17
10	0	25	1	5	18
10	0	25	1	6	19
10	0	25	1	7	20
10	0	25	1	8	21
10	0	25	1	17	1
10	0	25	1	18	2
10	0	25	1	19	3
10	0	25	1	20	4
10	0	25	1	21	5
10	0	25	1	22	6
10	0	25	1	23	7
10	0	25	1	10000	8
10	0	25	1	10001	10
10	0	25	1	10002	11
10	0	25	1	10003	39
10	0	25	1	10004	9
10	0	25	1	10005	13
10	0	25	1	10006	61
10	0	25	2	1	14
10	0	25	2	2	15
10	0	25	2	3	16
10	0	25	2	4	17
10	0	25	2	5	18
10	0	25	2	6	19
10	0	25	2	7	20
10	0	25	2	8	21
10	0	25	2	17	1
10	0	25	2	18	2
10	0	25	2	19	3
10	0	25	2	20	4
10	0	25	2	21	5
10	0	25	2	22	6
10	0	25	2	23	7
10	0	25	2	10000	8
10	0	25	2	10001	10
10	0	25	2	10002	11
10	0	25	2	10003	13
10	0	25	2	10004	61
10	0	25	2	10005	39
10	0	25	2	10006	9
10	0	25	3	1	14
10	0	25	3	2	15
10	0	25	3	3	16
10	0	25	3	4	17
10	0	25	3	5	18
10	0	25	3	6	19
10	0	25	3	7	20
10	0	25	3	8	21
10	0	25	3	17	1
10	0	25	3	18	2
10	0	25	3	19	3
10	0	25	3	20	4
10	0	25	3	21	5
10	0	25	3	22	6
10	0	25	3	23	7
10	0	25	3	10000	11
10	0	25	3	10001	12
10	0	25	3	10002	13
10	0	25	3	10003	61
10	0	25	3	10004	63
10	0	25	3	10005	39
10	0	26	0	0	1
10	0	26	0	1	2
10	0	26	0	2	3
10	0	26	0	3	4
10	0	26	0	4	5
10	0	26	0	5	6
10	0	26	0	6	7
10	0	26	0	7	18
10	0	26	0	8	201
10	0	26	0	9	205
10	0	26	0	10	203
10	0	26	0	11	206
10	0	26	0	12	186
10	0	26	0	13	202
10	0	26	0	10000	11
10	0	26	0	10001	12
10	0	26	1	1	18
10	0	26	1	2	130
10	0	26	1	3	19
10	0	26	1	4	131
10	0	26	1	5	20
10	0	26	1	6	132
10	0	26	1	7	21
10	0	26	1	8	133
10	0	26	1	9	193
10	0	26	1	10	194
10	0	26	1	11	195
10	0	26	1	12	196
10	0	26	1	13	197
10	0	26	1	14	198
10	0	26	1	17	14
10	0	26	1	18	16
10	0	26	1	19	27
10	0	26	1	20	28
10	0	26	1	21	29
10	0	26	1	22	30
10	0	26	1	23	31
10	0	26	1	24	32
10	0	26	1	25	33
10	0	26	1	26	34
10	0	26	1	27	35
10	0	26	1	10000	12
10	0	26	2	1	4
10	0	26	2	2	27
10	0	26	2	3	64
10	0	26	2	4	65
10	0	26	2	5	41
10	0	26	2	6	42
10	0	26	2	7	66
10	0	26	2	8	67
10	0	26	2	9	29
10	0	26	2	10	43
10	0	26	2	11	68
10	0	26	2	12	69
10	0	26	2	17	41
10	0	26	2	18	42
10	0	26	2	19	28
10	0	26	2	20	66
10	0	26	2	21	67
10	0	26	2	22	161
10	0	26	2	23	162
10	0	26	2	24	163
10	0	26	2	25	164
10	0	26	2	26	165
10	0	26	2	27	166
10	0	26	2	10000	12
10	0	26	3	1	30
10	0	26	3	2	99
10	0	26	3	3	223
10	0	26	3	4	224
10	0	26	3	5	225
10	0	26	3	6	31
10	0	26	3	7	100
10	0	26	3	8	226
10	0	26	3	9	227
10	0	26	3	10	228
10	0	26	3	11	52
10	0	26	3	12	101
10	0	26	3	13	156
10	0	26	3	14	229
10	0	26	3	17	6
10	0	26	3	18	30
10	0	26	3	19	99
10	0	26	3	20	31
10	0	26	3	21	100
10	0	26	3	22	52
10	0	26	3	23	101
10	0	26	3	24	53
10	0	26	3	25	54
10	0	26	3	26	102
10	0	26	3	27	103
10	0	26	3	10000	12
10	0	27	0	0	1
10	0	27	0	1	2
10	0	27	0	2	3
10	0	27	0	3	4
10	0	27	0	4	5
10	0	27	0	5	6
10	0	27	0	6	7
10	0	27	0	7	18
10	0	27	0	8	157
10	0	27	0	9	299
10	0	27	0	10000	10
10	0	27	0	10001	13
10	0	27	1	1	27
10	0	27	1	2	41
10	0	27	1	3	42
10	0	27	1	4	29
10	0	27	1	5	43
10	0	27	1	6	44
10	0	27	1	7	45
10	0	27	1	8	46
10	0	27	1	9	47
10	0	27	1	10	48
10	0	27	1	17	1
10	0	27	1	18	2
10	0	27	1	19	3
10	0	27	1	20	4
10	0	27	1	21	5
10	0	27	1	22	6
10	0	27	1	23	7
10	0	27	1	10000	8
10	0	27	1	10001	10
10	0	27	1	10002	9
10	0	27	1	10003	13
10	0	27	2	1	14
10	0	27	2	2	15
10	0	27	2	3	16
10	0	27	2	4	17
10	0	27	2	5	18
10	0	27	2	6	19
10	0	27	2	7	20
10	0	27	2	8	21
10	0	27	2	17	1
10	0	27	2	18	2
10	0	27	2	19	3
10	0	27	2	20	4
10	0	27	2	21	5
10	0	27	2	22	6
10	0	27	2	23	7
10	0	27	2	10000	10
10	0	27	2	10001	13
10	0	27	2	10002	9
10	0	27	3	1	30
10	0	27	3	2	31
10	0	27	3	3	52
10	0	27	3	4	53
10	0	27	3	5	54
10	0	27	3	6	32
10	0	27	3	7	55
10	0	27	3	8	56
10	0	27	3	9	57
10	0	27	3	10	6
10	0	27	3	11	7
10	0	27	3	17	1
10	0	27	3	18	2
10	0	27	3	19	3
10	0	27	3	20	4
10	0	27	3	21	5
10	0	27	3	22	6
10	0	27	3	23	7
10	0	27	3	10000	10
10	0	27	3	10001	13
10	0	27	3	10002	61
10	0	28	0	0	1
10	0	28	0	1	2
10	0	28	0	2	3
10	0	28	0	3	4
10	0	28	0	4	5
10	0	28	0	5	6
10	0	28	0	6	7
10	0	28	0	7	18
10	0	28	0	8	81
10	0	28	0	9	84
10	0	28	0	10	80
10	0	28	0	11	168
10	0	28	0	12	172
10	0	28	0	13	173
10	0	28	0	14	131
10	0	28	0	10000	12
10	0	28	0	10001	13
10	0	29	0	0	1
10	0	29	0	1	2
10	0	29	0	2	3
10	0	29	0	3	4
10	0	29	0	4	5
10	0	29	0	5	6
10	0	29	0	6	7
10	0	29	0	7	15
10	0	29	0	8	122
10	0	29	0	9	208
10	0	29	0	10	124
10	0	29	0	11	157
10	0	29	0	12	322
10	0	29	0	13	89
10	0	30	0	0	1
10	0	30	0	1	2
10	0	30	0	2	3
10	0	30	0	3	4
10	0	30	0	4	5
10	0	30	0	5	6
10	0	30	0	6	7
10	0	30	0	7	267
10	0	30	0	10000	12
10	0	30	0	10001	13
10	0	30	1	1	4
10	0	30	1	2	27
10	0	30	1	3	64
10	0	30	1	4	65
10	0	30	1	5	41
10	0	30	1	6	42
10	0	30	1	7	66
10	0	30	1	8	67
10	0	30	1	9	29
10	0	30	1	10	43
10	0	30	1	11	68
10	0	30	1	12	69
10	0	30	1	17	4
10	0	30	1	18	27
10	0	30	1	19	291
10	0	30	1	20	64
10	0	30	1	21	65
10	0	30	1	22	292
10	0	30	1	23	178
10	0	30	1	24	293
10	0	30	1	25	294
10	0	30	1	26	179
10	0	30	1	27	295
10	0	30	1	10000	10
10	0	30	1	10001	63
10	0	30	1	10002	12
10	0	30	1	10003	13
10	0	30	2	1	4
10	0	30	2	2	27
10	0	30	2	3	64
10	0	30	2	4	65
10	0	30	2	5	41
10	0	30	2	6	42
10	0	30	2	7	66
10	0	30	2	8	67
10	0	30	2	9	29
10	0	30	2	10	43
10	0	30	2	11	68
10	0	30	2	12	69
10	0	30	2	17	27
10	0	30	2	18	41
10	0	30	2	19	42
10	0	30	2	20	29
10	0	30	2	21	43
10	0	30	2	22	44
10	0	30	2	23	45
10	0	30	2	24	46
10	0	30	2	25	47
10	0	30	2	26	48
10	0	30	2	10000	10
10	0	30	2	10001	11
10	0	30	2	10002	13
10	0	30	2	10003	63
10	0	30	2	10004	9
10	0	30	3	1	14
10	0	30	3	2	15
10	0	30	3	3	16
10	0	30	3	4	17
10	0	30	3	5	18
10	0	30	3	6	19
10	0	30	3	7	20
10	0	30	3	8	21
10	0	30	3	17	7
10	0	30	3	18	32
10	0	30	3	19	55
10	0	30	3	20	257
10	0	30	3	21	304
10	0	30	3	22	305
10	0	30	3	23	56
10	0	30	3	24	57
10	0	30	3	25	306
10	0	30	3	26	307
10	0	30	3	27	308
10	0	30	3	28	309
10	0	30	3	10000	10
10	0	30	3	10001	11
10	0	30	3	10002	13
10	0	30	3	10003	63
10	0	31	0	0	1
10	0	31	0	1	2
10	0	31	0	2	3
10	0	31	0	3	4
10	0	31	0	4	5
10	0	31	0	5	6
10	0	31	0	6	7
10	0	31	1	1	27
10	0	31	1	2	41
10	0	31	1	3	42
10	0	31	1	4	29
10	0	31	1	5	43
10	0	31	1	6	44
10	0	31	1	7	45
10	0	31	1	8	46
10	0	31	1	9	47
10	0	31	1	10	48
10	0	31	1	17	1
10	0	31	1	18	2
10	0	31	1	19	3
10	0	31	1	20	4
10	0	31	1	21	5
10	0	31	1	22	6
10	0	31	1	23	7
10	0	32	0	0	1
10	0	32	0	1	2
10	0	32	0	2	3
10	0	32	0	3	4
10	0	32	0	4	5
10	0	32	0	5	6
10	0	32	0	6	7
10	0	32	0	10000	12
10	0	33	0	0	1
10	0	33	0	1	2
10	0	33	0	2	3
10	0	33	0	3	4
10	0	33	0	4	5
10	0	33	0	5	7
10	0	33	0	6	6
10	0	33	0	7	42
10	0	33	0	8	41
10	0	33	0	9	161
10	0	33	0	10	66
10	0	33	0	11	88
10	0	33	0	10000	62
10	0	33	0	10001	13
10	0	34	0	0	1
10	0	34	0	1	2
10	0	34	0	2	3
10	0	34	0	3	4
10	0	34	0	4	5
10	0	34	0	5	6
10	0	34	0	6	7
10	0	34	0	7	122
10	0	34	0	8	158
10	0	34	0	9	14
10	0	34	0	10	15
10	0	34	0	11	121
10	0	34	0	10000	13
10	0	35	0	0	1
10	0	35	0	1	2
10	0	35	0	2	3
10	0	35	0	3	4
10	0	35	0	4	5
10	0	35	0	5	6
10	0	35	0	6	7
10	0	35	0	7	111
10	0	35	0	8	108
10	0	35	0	9	110
10	0	35	0	10	107
10	0	35	0	11	267
10	0	35	0	12	266
10	0	35	1	1	14
10	0	35	1	2	15
10	0	35	1	3	16
10	0	35	1	4	17
10	0	35	1	5	18
10	0	35	1	6	19
10	0	35	1	7	20
10	0	35	1	8	21
10	0	35	1	17	87
10	0	35	1	18	80
10	0	35	1	19	73
10	0	35	1	20	64
10	0	35	1	21	42
10	0	35	1	22	29
10	0	35	1	23	88
10	0	35	1	24	44
10	0	35	1	25	89
10	0	35	1	26	90
10	0	35	1	27	91
10	0	35	2	1	27
10	0	35	2	2	41
10	0	35	2	3	42
10	0	35	2	4	29
10	0	35	2	5	43
10	0	35	2	6	44
10	0	35	2	7	45
10	0	35	2	8	46
10	0	35	2	9	47
10	0	35	2	10	48
10	0	35	2	17	5
10	0	35	2	18	44
10	0	35	2	19	88
10	0	35	2	20	185
10	0	35	2	21	45
10	0	35	2	22	46
10	0	35	2	23	186
10	0	35	2	24	187
10	0	35	2	25	47
10	0	35	2	26	48
10	0	35	2	27	188
10	0	35	2	28	189
10	0	35	3	1	14
10	0	35	3	2	15
10	0	35	3	3	16
10	0	35	3	4	17
10	0	35	3	5	93
10	0	35	3	6	94
10	0	35	3	7	95
10	0	35	3	8	96
10	0	35	3	9	97
10	0	35	3	17	1
10	0	35	3	18	2
10	0	35	3	19	3
10	0	35	3	20	4
10	0	35	3	21	5
10	0	35	3	22	6
10	0	35	3	23	7
10	0	36	0	0	1
10	0	36	0	1	2
10	0	36	0	2	3
10	0	36	0	3	4
10	0	36	0	4	5
10	0	36	0	5	6
10	0	36	0	6	7
10	0	36	0	7	81
10	0	36	0	8	220
10	0	36	0	9	292
10	0	36	0	10	161
10	0	36	0	10000	61
10	0	36	0	10001	12
10	0	36	1	1	4
10	0	36	1	2	27
10	0	36	1	3	291
10	0	36	1	4	64
10	0	36	1	5	65
10	0	36	1	6	292
10	0	36	1	7	178
10	0	36	1	8	293
10	0	36	1	9	294
10	0	36	1	10	179
10	0	36	1	11	295
10	0	36	1	17	4
10	0	36	1	18	27
10	0	36	1	19	64
10	0	36	1	20	65
10	0	36	1	21	41
10	0	36	1	22	42
10	0	36	1	23	66
10	0	36	1	24	67
10	0	36	1	25	29
10	0	36	1	26	43
10	0	36	1	27	68
10	0	36	1	28	69
10	0	36	1	10000	13
10	0	36	1	10001	61
10	0	36	2	1	41
10	0	36	2	2	42
10	0	36	2	3	28
10	0	36	2	4	66
10	0	36	2	5	67
10	0	36	2	6	161
10	0	36	2	7	162
10	0	36	2	8	163
10	0	36	2	9	164
10	0	36	2	10	165
10	0	36	2	11	166
10	0	36	2	17	4
10	0	36	2	18	27
10	0	36	2	19	64
10	0	36	2	20	65
10	0	36	2	21	41
10	0	36	2	22	42
10	0	36	2	23	66
10	0	36	2	24	67
10	0	36	2	25	29
10	0	36	2	26	43
10	0	36	2	27	68
10	0	36	2	28	69
10	0	36	2	10000	13
10	0	36	2	10001	61
10	0	36	3	1	81
10	0	36	3	2	83
10	0	36	3	3	168
10	0	36	3	4	170
10	0	36	3	5	44
10	0	36	3	6	218
10	0	36	3	7	219
10	0	36	3	8	220
10	0	36	3	9	91
10	0	36	3	10	221
10	0	36	3	17	81
10	0	36	3	18	83
10	0	36	3	19	168
10	0	36	3	20	170
10	0	36	3	21	44
10	0	36	3	22	218
10	0	36	3	23	219
10	0	36	3	24	220
10	0	36	3	25	91
10	0	36	3	26	221
10	0	36	3	10000	13
10	0	36	3	10001	61
10	0	37	0	0	1
10	0	37	0	1	2
10	0	37	0	2	3
10	0	37	0	3	4
10	0	37	0	4	5
10	0	37	0	5	6
10	0	37	0	6	7
10	0	38	0	0	1
10	0	38	0	1	2
10	0	38	0	2	3
10	0	38	0	3	4
10	0	38	0	4	5
10	0	38	0	5	6
10	0	38	0	6	7
10	0	38	0	7	30
10	0	38	0	8	52
10	0	38	0	9	315
10	0	38	0	10000	13
10	0	38	1	1	18
10	0	38	1	2	130
10	0	38	1	3	19
10	0	38	1	4	131
10	0	38	1	5	20
10	0	38	1	6	132
10	0	38	1	7	21
10	0	38	1	8	133
10	0	38	1	9	193
10	0	38	1	10	194
10	0	38	1	11	195
10	0	38	1	12	196
10	0	38	1	13	197
10	0	38	1	14	198
10	0	38	1	17	14
10	0	38	1	18	15
10	0	38	1	19	16
10	0	38	1	20	17
10	0	38	1	21	93
10	0	38	1	22	94
10	0	38	1	23	95
10	0	38	1	24	96
10	0	38	1	25	97
10	0	38	1	10000	10
10	0	38	1	10001	11
10	0	38	1	10002	9
10	0	39	0	0	1
10	0	39	0	1	2
10	0	39	0	2	3
10	0	39	0	3	4
10	0	39	0	4	5
10	0	39	0	5	6
10	0	39	0	6	7
10	0	39	0	7	80
10	0	39	0	8	272
10	0	39	0	9	131
10	0	39	0	10000	13
10	0	39	1	1	4
10	0	39	1	2	27
10	0	39	1	3	64
10	0	39	1	4	65
10	0	39	1	5	41
10	0	39	1	6	42
10	0	39	1	7	66
10	0	39	1	8	67
10	0	39	1	9	29
10	0	39	1	10	43
10	0	39	1	11	68
10	0	39	1	12	69
10	0	39	1	17	4
10	0	39	1	18	27
10	0	39	1	19	64
10	0	39	1	20	65
10	0	39	1	21	41
10	0	39	1	22	42
10	0	39	1	23	66
10	0	39	1	24	67
10	0	39	1	25	29
10	0	39	1	26	43
10	0	39	1	27	68
10	0	39	1	28	69
10	0	39	1	10000	8
10	0	39	1	10001	10
10	0	39	1	10002	13
10	0	39	1	10003	40
10	0	39	1	10004	9
10	0	40	0	0	1
10	0	40	0	1	2
10	0	40	0	2	3
10	0	40	0	3	4
10	0	40	0	4	5
10	0	40	0	5	6
10	0	40	0	6	7
10	0	40	0	7	18
10	0	40	0	8	97
10	0	40	0	9	93
10	0	40	0	10	131
10	0	40	0	10000	13
10	0	40	1	1	29
10	0	40	1	2	43
10	0	40	1	3	113
10	0	40	1	4	68
10	0	40	1	5	69
10	0	40	1	6	114
10	0	40	1	7	115
10	0	40	1	8	116
10	0	40	1	9	117
10	0	40	1	10	118
10	0	40	1	11	119
10	0	40	1	17	29
10	0	40	1	18	43
10	0	40	1	19	113
10	0	40	1	20	68
10	0	40	1	21	69
10	0	40	1	22	114
10	0	40	1	23	115
10	0	40	1	24	116
10	0	40	1	25	117
10	0	40	1	26	118
10	0	40	1	27	119
10	0	40	1	10000	8
10	0	40	1	10001	10
10	0	40	1	10002	11
10	0	40	1	10003	39
10	0	40	1	10004	9
10	0	41	0	0	1
10	0	41	0	1	2
10	0	41	0	2	3
10	0	41	0	3	4
10	0	41	0	4	5
10	0	41	0	5	6
10	0	41	0	6	7
10	0	41	0	7	18
10	0	41	0	8	124
10	0	41	0	9	126
10	0	41	0	10	208
10	0	41	0	10000	13
10	0	41	1	1	27
10	0	41	1	2	41
10	0	41	1	3	42
10	0	41	1	4	29
10	0	41	1	5	43
10	0	41	1	6	44
10	0	41	1	7	45
10	0	41	1	8	46
10	0	41	1	9	47
10	0	41	1	10	48
10	0	41	1	17	27
10	0	41	1	18	41
10	0	41	1	19	42
10	0	41	1	20	29
10	0	41	1	21	43
10	0	41	1	22	44
10	0	41	1	23	45
10	0	41	1	24	46
10	0	41	1	25	47
10	0	41	1	26	48
10	0	41	1	10000	8
10	0	41	1	10001	10
10	0	41	1	10002	13
10	0	41	1	10003	40
10	0	41	1	10004	9
10	0	42	0	0	1
10	0	42	0	1	2
10	0	42	0	2	3
10	0	42	0	3	4
10	0	42	0	4	5
10	0	42	0	5	6
10	0	42	0	6	7
10	0	42	0	7	73
10	0	42	0	8	15
10	0	42	0	9	131
10	0	42	0	10000	13
10	0	42	1	1	14
10	0	42	1	2	15
10	0	42	1	3	16
10	0	42	1	4	17
10	0	42	1	5	93
10	0	42	1	6	94
10	0	42	1	7	95
10	0	42	1	8	96
10	0	42	1	9	97
10	0	42	1	17	14
10	0	42	1	18	15
10	0	42	1	19	16
10	0	42	1	20	17
10	0	42	1	21	93
10	0	42	1	22	94
10	0	42	1	23	95
10	0	42	1	24	96
10	0	42	1	25	97
10	0	42	1	10000	10
10	0	42	1	10001	11
10	0	42	1	10002	9
10	0	43	0	0	1
10	0	43	0	1	2
10	0	43	0	2	3
10	0	43	0	3	4
10	0	43	0	4	5
10	0	43	0	5	6
10	0	43	0	6	7
10	0	43	0	7	29
10	0	43	0	8	114
10	0	43	0	9	68
10	0	43	0	10	115
10	0	43	0	10000	8
10	0	43	0	10001	61
10	0	43	0	10002	13
10	0	43	1	1	14
10	0	43	1	2	16
10	0	43	1	3	27
10	0	43	1	4	28
10	0	43	1	5	29
10	0	43	1	6	30
10	0	43	1	7	31
10	0	43	1	8	32
10	0	43	1	9	33
10	0	43	1	10	34
10	0	43	1	11	35
10	0	43	1	17	14
10	0	43	1	18	15
10	0	43	1	19	16
10	0	43	1	20	17
10	0	43	1	21	18
10	0	43	1	22	19
10	0	43	1	23	20
10	0	43	1	24	21
10	0	43	1	10000	10
10	0	43	1	10001	13
10	0	43	1	10002	61
10	0	43	1	10003	9
10	0	44	0	0	1
10	0	44	0	1	2
10	0	44	0	2	3
10	0	44	0	3	4
10	0	44	0	4	5
10	0	44	0	5	6
10	0	44	0	6	7
10	0	44	0	7	27
10	0	44	0	8	47
10	0	44	0	9	67
10	0	44	0	10	48
10	0	44	0	11	292
10	0	44	0	12	329
10	0	44	0	13	327
10	0	47	0	0	1
10	0	47	0	1	2
10	0	47	0	2	3
10	0	47	0	3	4
10	0	47	0	4	5
10	0	47	0	5	6
10	0	47	0	6	7
10	0	47	0	7	43
10	0	47	0	8	29
10	0	47	0	9	114
10	0	47	0	10	45
10	0	47	0	11	46
10	0	47	0	10000	12
10	0	47	0	10001	13
10	0	48	0	0	1
10	0	48	0	1	2
10	0	48	0	2	3
10	0	48	0	3	4
10	0	48	0	4	5
10	0	48	0	5	6
10	0	48	0	6	7
10	0	48	0	7	18
10	0	48	0	8	122
10	0	48	0	9	124
10	0	48	0	10	208
10	0	48	0	10000	12
10	0	50	0	0	1
10	0	50	0	1	2
10	0	50	0	2	3
10	0	50	0	3	4
10	0	50	0	4	5
10	0	50	0	5	6
10	0	50	0	6	7
10	0	50	0	7	29
10	0	50	0	8	68
10	0	50	0	9	114
10	0	50	0	10000	61
10	0	50	0	10001	39
10	0	50	0	10002	10
10	0	51	0	0	1
10	0	51	0	1	2
10	0	51	0	2	3
10	0	51	0	3	4
10	0	51	0	4	5
10	0	51	0	5	6
10	0	51	0	6	7
10	0	51	1	1	4
10	0	51	1	2	27
10	0	51	1	3	64
10	0	51	1	4	65
10	0	51	1	5	41
10	0	51	1	6	42
10	0	51	1	7	66
10	0	51	1	8	67
10	0	51	1	9	29
10	0	51	1	10	43
10	0	51	1	11	68
10	0	51	1	12	69
10	0	51	1	17	27
10	0	51	1	18	41
10	0	51	1	19	42
10	0	51	1	20	29
10	0	51	1	21	43
10	0	51	1	22	44
10	0	51	1	23	45
10	0	51	1	24	46
10	0	51	1	25	47
10	0	51	1	26	48
10	0	51	1	10000	12
10	0	51	2	1	14
10	0	51	2	2	15
10	0	51	2	3	16
10	0	51	2	4	17
10	0	51	2	5	18
10	0	51	2	6	19
10	0	51	2	7	20
10	0	51	2	8	21
10	0	51	2	17	1
10	0	51	2	18	2
10	0	51	2	19	3
10	0	51	2	20	4
10	0	51	2	21	5
10	0	51	2	22	6
10	0	51	2	23	7
10	0	51	2	10000	13
10	0	52	0	0	1
10	0	52	0	1	2
10	0	52	0	2	3
10	0	52	0	3	4
10	0	52	0	4	5
10	0	52	0	5	6
10	0	52	0	6	7
10	0	52	0	7	292
10	0	52	0	10000	40
10	0	52	0	10001	10
10	0	52	0	10002	12
10	0	52	0	10003	13
10	0	53	0	0	1
10	0	53	0	1	2
10	0	53	0	2	3
10	0	53	0	3	4
10	0	53	0	4	5
10	0	53	0	5	6
10	0	53	0	6	7
10	0	53	0	7	29
10	0	53	0	8	27
10	0	53	0	9	45
10	0	53	0	10	46
10	0	53	0	11	28
10	0	53	0	12	44
10	0	53	0	13	67
10	0	53	1	1	14
10	0	53	1	2	15
10	0	53	1	3	16
10	0	53	1	4	17
10	0	53	1	5	107
10	0	53	1	6	108
10	0	53	1	7	109
10	0	53	1	8	110
10	0	53	1	9	111
10	0	53	1	17	30
10	0	53	1	18	31
10	0	53	1	19	52
10	0	53	1	20	53
10	0	53	1	21	54
10	0	53	1	22	32
10	0	53	1	23	55
10	0	53	1	24	56
10	0	53	1	25	57
10	0	53	1	26	6
10	0	53	1	27	7
10	0	53	2	1	14
10	0	53	2	2	15
10	0	53	2	3	16
10	0	53	2	4	17
10	0	53	2	5	80
10	0	53	2	6	81
10	0	53	2	7	82
10	0	53	2	8	83
10	0	53	2	9	84
10	0	53	2	17	30
10	0	53	2	18	31
10	0	53	2	19	52
10	0	53	2	20	53
10	0	53	2	21	54
10	0	53	2	22	32
10	0	53	2	23	55
10	0	53	2	24	56
10	0	53	2	25	57
10	0	53	2	26	6
10	0	53	2	27	7
10	0	53	3	1	5
10	0	53	3	2	44
10	0	53	3	3	88
10	0	53	3	4	185
10	0	53	3	5	45
10	0	53	3	6	46
10	0	53	3	7	186
10	0	53	3	8	187
10	0	53	3	9	47
10	0	53	3	10	48
10	0	53	3	11	188
10	0	53	3	12	189
10	0	53	3	17	14
10	0	53	3	18	15
10	0	53	3	19	16
10	0	53	3	20	17
10	0	53	3	21	18
10	0	53	3	22	19
10	0	53	3	23	20
10	0	53	3	24	21
10	0	54	0	0	1
10	0	54	0	1	2
10	0	54	0	2	3
10	0	54	0	3	4
10	0	54	0	4	5
10	0	54	0	5	6
10	0	54	0	6	7
10	0	54	0	7	81
10	0	54	0	10000	12
10	0	54	0	10001	13
10	0	54	0	10002	333
10	0	54	1	1	27
10	0	54	1	2	41
10	0	54	1	3	42
10	0	54	1	4	29
10	0	54	1	5	43
10	0	54	1	6	44
10	0	54	1	7	45
10	0	54	1	8	46
10	0	54	1	9	47
10	0	54	1	10	48
10	0	54	1	17	4
10	0	54	1	18	27
10	0	54	1	19	64
10	0	54	1	20	65
10	0	54	1	21	41
10	0	54	1	22	42
10	0	54	1	23	66
10	0	54	1	24	67
10	0	54	1	25	29
10	0	54	1	26	43
10	0	54	1	27	68
10	0	54	1	28	69
10	0	54	1	10000	10
10	0	54	1	10001	11
10	0	54	1	10002	13
10	0	54	1	10003	63
10	0	54	1	10004	9
10	0	54	2	1	27
10	0	54	2	2	41
10	0	54	2	3	42
10	0	54	2	4	29
10	0	54	2	5	43
10	0	54	2	6	44
10	0	54	2	7	45
10	0	54	2	8	46
10	0	54	2	9	47
10	0	54	2	10	48
10	0	54	2	17	1
10	0	54	2	18	2
10	0	54	2	19	3
10	0	54	2	20	4
10	0	54	2	21	5
10	0	54	2	22	6
10	0	54	2	23	7
10	0	54	2	10000	10
10	0	54	2	10001	11
10	0	54	2	10002	13
10	0	54	2	10003	63
10	0	54	2	10004	9
10	0	54	3	1	27
10	0	54	3	2	41
10	0	54	3	3	42
10	0	54	3	4	29
10	0	54	3	5	43
10	0	54	3	6	44
10	0	54	3	7	45
10	0	54	3	8	46
10	0	54	3	9	47
10	0	54	3	10	48
10	0	54	3	17	1
10	0	54	3	18	2
10	0	54	3	19	3
10	0	54	3	20	4
10	0	54	3	21	5
10	0	54	3	22	6
10	0	54	3	23	7
10	0	54	3	10000	10
10	0	54	3	10001	11
10	0	54	3	10002	13
10	0	54	3	10003	63
10	0	54	3	10004	9
10	0	55	0	0	1
10	0	55	0	1	2
10	0	55	0	2	3
10	0	55	0	3	4
10	0	55	0	4	5
10	0	55	0	5	6
10	0	55	0	6	7
10	0	55	0	7	19
10	0	55	0	8	133
10	0	55	0	9	239
10	0	55	0	10000	11
10	0	55	0	10001	12
10	0	55	0	10002	13
10	0	55	1	1	27
10	0	55	1	2	41
10	0	55	1	3	42
10	0	55	1	4	29
10	0	55	1	5	43
10	0	55	1	6	44
10	0	55	1	7	45
10	0	55	1	8	46
10	0	55	1	9	47
10	0	55	1	10	48
10	0	55	1	17	4
10	0	55	1	18	27
10	0	55	1	19	64
10	0	55	1	20	65
10	0	55	1	21	41
10	0	55	1	22	42
10	0	55	1	23	66
10	0	55	1	24	67
10	0	55	1	25	29
10	0	55	1	26	43
10	0	55	1	27	68
10	0	55	1	28	69
10	0	55	1	10000	10
10	0	55	1	10001	12
10	0	55	1	10002	13
10	0	55	1	10003	61
10	0	55	1	10004	9
10	0	55	2	1	14
10	0	55	2	2	15
10	0	55	2	3	16
10	0	55	2	4	17
10	0	55	2	5	107
10	0	55	2	6	108
10	0	55	2	7	109
10	0	55	2	8	110
10	0	55	2	9	111
10	0	55	2	17	1
10	0	55	2	18	2
10	0	55	2	19	3
10	0	55	2	20	4
10	0	55	2	21	5
10	0	55	2	22	6
10	0	55	2	23	7
10	0	55	2	10000	10
10	0	55	2	10001	12
10	0	55	2	10002	13
10	0	55	2	10003	61
10	0	55	3	1	14
10	0	55	3	2	15
10	0	55	3	3	16
10	0	55	3	4	17
10	0	55	3	5	18
10	0	55	3	6	19
10	0	55	3	7	20
10	0	55	3	8	21
10	0	55	3	17	14
10	0	55	3	18	16
10	0	55	3	19	27
10	0	55	3	20	28
10	0	55	3	21	29
10	0	55	3	22	30
10	0	55	3	23	31
10	0	55	3	24	32
10	0	55	3	25	33
10	0	55	3	26	34
10	0	55	3	27	35
10	0	55	3	10000	10
10	0	55	3	10001	11
10	0	55	3	10002	12
10	0	55	3	10003	13
10	0	55	3	10004	61
10	0	55	3	10005	63
10	0	55	3	10006	9
10	0	56	0	0	1
10	0	56	0	1	2
10	0	56	0	2	3
10	0	56	0	3	4
10	0	56	0	4	5
10	0	56	0	5	6
10	0	56	0	6	7
10	0	56	0	7	52
10	0	56	1	1	14
10	0	56	1	2	15
10	0	56	1	3	16
10	0	56	1	4	17
10	0	56	1	5	18
10	0	56	1	6	19
10	0	56	1	7	20
10	0	56	1	8	21
10	0	56	1	17	14
10	0	56	1	18	15
10	0	56	1	19	16
10	0	56	1	20	17
10	0	56	1	21	18
10	0	56	1	22	19
10	0	56	1	23	20
10	0	56	1	24	21
10	0	56	1	10000	10
10	0	56	1	10001	9
10	0	56	2	1	27
10	0	56	2	2	41
10	0	56	2	3	42
10	0	56	2	4	29
10	0	56	2	5	43
10	0	56	2	6	44
10	0	56	2	7	45
10	0	56	2	8	46
10	0	56	2	9	47
10	0	56	2	10	48
10	0	56	2	17	1
10	0	56	2	18	2
10	0	56	2	19	3
10	0	56	2	20	4
10	0	56	2	21	5
10	0	56	2	22	6
10	0	56	2	23	7
10	0	56	2	10000	10
10	0	56	3	1	27
10	0	56	3	2	41
10	0	56	3	3	42
10	0	56	3	4	29
10	0	56	3	5	43
10	0	56	3	6	44
10	0	56	3	7	45
10	0	56	3	8	46
10	0	56	3	9	47
10	0	56	3	10	48
10	0	56	3	17	1
10	0	56	3	18	2
10	0	56	3	19	3
10	0	56	3	20	4
10	0	56	3	21	5
10	0	56	3	22	6
10	0	56	3	23	7
10	0	56	3	10000	10
10	0	57	0	0	1
10	0	57	0	1	2
10	0	57	0	2	3
10	0	57	0	3	4
10	0	57	0	4	5
10	0	57	0	5	6
10	0	57	0	6	7
10	0	57	0	7	29
10	0	57	0	8	43
10	0	57	0	9	114
10	0	57	0	10000	8
10	0	57	0	10001	40
10	0	57	0	10002	12
10	0	57	0	10003	13
10	0	58	0	0	1
10	0	58	0	1	2
10	0	58	0	2	3
10	0	58	0	3	4
10	0	58	0	4	5
10	0	58	0	5	6
10	0	58	0	6	7
10	0	58	0	7	18
10	0	58	0	8	97
10	0	58	0	9	95
10	0	58	0	10000	12
10	0	58	0	10001	13
10	0	60	0	0	1
10	0	60	0	1	2
10	0	60	0	2	3
10	0	60	0	3	4
10	0	60	0	4	5
10	0	60	0	5	6
10	0	60	0	6	7
10	0	60	0	7	18
10	0	60	0	8	131
10	0	60	0	9	198
10	0	60	0	10	97
10	0	60	0	10000	63
10	0	60	0	10001	12
10	0	60	0	10002	13
10	0	61	0	0	1
10	0	61	0	1	2
10	0	61	0	2	3
10	0	61	0	3	4
10	0	61	0	4	5
10	0	61	0	5	6
10	0	61	0	6	7
10	0	61	0	7	164
10	0	61	0	8	165
10	0	61	0	10000	8
10	0	61	0	10001	12
10	0	61	1	1	14
10	0	61	1	2	15
10	0	61	1	3	16
10	0	61	1	4	17
10	0	61	1	5	18
10	0	61	1	6	19
10	0	61	1	7	20
10	0	61	1	8	21
10	0	61	1	17	1
10	0	61	1	18	2
10	0	61	1	19	3
10	0	61	1	20	4
10	0	61	1	21	5
10	0	61	1	22	6
10	0	61	1	23	7
10	0	61	1	10000	8
10	0	61	1	10001	10
10	0	61	1	10002	39
10	0	61	1	10003	9
10	0	61	1	10004	12
10	0	61	1	10005	13
10	0	61	1	10006	61
10	0	61	2	1	27
10	0	61	2	2	41
10	0	61	2	3	42
10	0	61	2	4	29
10	0	61	2	5	43
10	0	61	2	6	44
10	0	61	2	7	45
10	0	61	2	8	46
10	0	61	2	9	47
10	0	61	2	10	48
10	0	61	2	17	1
10	0	61	2	18	2
10	0	61	2	19	3
10	0	61	2	20	4
10	0	61	2	21	5
10	0	61	2	22	6
10	0	61	2	23	7
10	0	61	2	10000	10
10	0	61	2	10001	12
10	0	61	2	10002	13
10	0	61	2	10003	61
10	0	61	2	10004	39
10	0	61	2	10005	9
10	0	61	3	1	14
10	0	61	3	2	15
10	0	61	3	3	16
10	0	61	3	4	17
10	0	61	3	5	18
10	0	61	3	6	19
10	0	61	3	7	20
10	0	61	3	8	21
10	0	61	3	17	1
10	0	61	3	18	2
10	0	61	3	19	3
10	0	61	3	20	4
10	0	61	3	21	5
10	0	61	3	22	6
10	0	61	3	23	7
10	0	61	3	10000	10
10	0	61	3	10001	12
10	0	61	3	10002	13
10	0	61	3	10003	61
10	0	61	3	10004	39
10	0	61	3	10005	9
10	0	62	0	0	1
10	0	62	0	1	2
10	0	62	0	2	3
10	0	62	0	3	4
10	0	62	0	4	5
10	0	62	0	5	6
10	0	62	0	6	7
10	0	62	0	7	114
10	0	62	0	8	43
10	0	62	0	10000	8
10	0	62	0	10001	39
10	0	62	0	10002	12
10	0	62	0	10003	13
10	0	62	1	1	27
10	0	62	1	2	41
10	0	62	1	3	42
10	0	62	1	4	29
10	0	62	1	5	43
10	0	62	1	6	44
10	0	62	1	7	45
10	0	62	1	8	46
10	0	62	1	9	47
10	0	62	1	10	48
10	0	62	1	17	1
10	0	62	1	18	2
10	0	62	1	19	3
10	0	62	1	20	4
10	0	62	1	21	5
10	0	62	1	22	6
10	0	62	1	23	7
10	0	62	1	10000	8
10	0	62	1	10001	39
10	0	62	2	1	27
10	0	62	2	2	41
10	0	62	2	3	42
10	0	62	2	4	29
10	0	62	2	5	43
10	0	62	2	6	44
10	0	62	2	7	45
10	0	62	2	8	46
10	0	62	2	9	47
10	0	62	2	10	48
10	0	62	2	17	1
10	0	62	2	18	2
10	0	62	2	19	3
10	0	62	2	20	4
10	0	62	2	21	5
10	0	62	2	22	6
10	0	62	2	23	7
10	0	62	2	10000	8
10	0	62	2	10001	39
10	0	62	3	1	27
10	0	62	3	2	41
10	0	62	3	3	42
10	0	62	3	4	29
10	0	62	3	5	43
10	0	62	3	6	44
10	0	62	3	7	45
10	0	62	3	8	46
10	0	62	3	9	47
10	0	62	3	10	48
10	0	62	3	17	1
10	0	62	3	18	2
10	0	62	3	19	3
10	0	62	3	20	4
10	0	62	3	21	5
10	0	62	3	22	6
10	0	62	3	23	7
10	0	62	3	10000	8
10	0	62	3	10001	39
10	0	63	0	0	1
10	0	63	0	1	2
10	0	63	0	2	3
10	0	63	0	3	4
10	0	63	0	4	5
10	0	63	0	5	6
10	0	63	0	6	7
10	0	63	0	7	29
10	0	63	0	8	45
10	0	63	0	9	161
10	0	63	0	10	164
10	0	63	0	10000	12
10	0	63	0	10001	13
10	0	67	0	0	1
10	0	67	0	1	2
10	0	67	0	2	3
10	0	67	0	3	4
10	0	67	0	4	5
10	0	67	0	5	6
10	0	67	0	6	7
10	0	67	0	7	52
10	0	67	0	8	28
10	0	67	0	9	67
10	0	67	0	10000	8
10	0	67	1	1	14
10	0	67	1	2	15
10	0	67	1	3	16
10	0	67	1	4	17
10	0	67	1	5	18
10	0	67	1	6	19
10	0	67	1	7	20
10	0	67	1	8	21
10	0	67	1	17	1
10	0	67	1	18	2
10	0	67	1	19	3
10	0	67	1	20	4
10	0	67	1	21	5
10	0	67	1	22	6
10	0	67	1	23	7
10	0	67	1	10000	10
10	0	67	1	10001	63
10	0	67	1	10002	9
10	0	70	0	0	1
10	0	70	0	1	2
10	0	70	0	2	3
10	0	70	0	3	4
10	0	70	0	4	5
10	0	70	0	5	6
10	0	70	0	6	7
10	0	70	0	7	18
10	0	70	0	8	27
