result_no	generate_no	e_no	sub_no	lv	exp	mexp	job1	job2	hp	mhp	hp_rate	mp	mmp	mp_rate	sp	str	int	tec	agi	def	skill	personality	tribe	money	sundries	
24	0	1	0	24	28343	30000	21	34	2188	2530	0.864822134387352	490	490	1	230	125	150	268	90	116	234	1	2	1409	2836
24	0	2	0	20	19547	21000	7	51	2153	2153	1	453	453	1	585	122	205	129	106	189	112	10	11	1476	0
24	0	3	0	21	21738	23100	27	23	2112	2112	1	481	481	1	280	154	257	147	86	189	80	13	14	1223	2620
24	0	3	1	21	21738	23100	7	4	2600	2600	1	379	379	1	280	269	101	76	82	250	57	13	14	3492	2620
24	0	3	2	20	20590	21000	3	4	3089	3089	1	355	355	1	270	275	75	52	67	267	44	13	14	1524	2620
24	0	3	3	21	21738	23100	4	9	3207	3207	1	364	364	1	140	288	73	53	65	280	46	13	14	1612	2620
24	0	4	0	36	63831	66600	35	1	3049	3049	1	717	717	1	175	232	380	213	134	282	115	13	15	1046	1100
24	0	4	1	36	63831	66600	4	5	3512	3512	1	569	569	1	650	131	144	121	365	378	356	10	15	1700	0
24	0	5	0	25	31606	32500	38	32	2927	2927	1	439	439	1	155	264	130	152	237	103	125	13	2	8502	500
24	0	6	0	22	23645	25300	36	43	1081	2163	0.499768839574665	336	511	0.657534246575342	65	135	270	128	84	219	77	1	11	787	512
24	0	6	1	22	23649	25300	23	19	1661	2597	0.639584135541009	292	382	0.764397905759162	160	96	77	69	274	255	247	10	14	1231	512
24	0	8	0	2	150	300	3	2	1036	1036	1	173	173	1	65	35	62	44	49	76	58	13	11	120	0
24	0	8	1	2	150	300	4	5	1123	1123	1	152	152	1	65	71	45	44	75	49	48	13	15	100	0
24	0	9	0	22	23657	25300	49	1	1218	2437	0.499794829708658	463	463	1	565	119	143	210	103	127	194	1	2	414	0
24	0	9	1	22	24610	25300	4	9	1272	2545	0.499803536345776	343	429	0.7995337995338	745	176	141	140	180	146	144	13	2	654	0
24	0	9	2	22	24610	25300	4	9	1323	2647	0.499811106913487	424	424	1	680	195	125	127	194	124	125	13	2	4566	0
24	0	9	3	22	24610	25300	7	27	1150	2300	0.5	492	492	1	615	115	220	106	119	224	110	13	2	625	0
24	0	10	0	22	25077	25300	52	53	2440	2440	1	504	504	1	160	136	254	125	94	211	82	1	14	1297	475
24	0	10	1	23	25300	27600	26	4	3026	3026	1	433	433	1	1330	252	149	114	111	213	75	1	22	9478	0
24	0	10	2	22	23100	25300	18	17	2403	2403	1	489	489	1	1200	186	268	164	93	175	71	1	22	37084	0
24	0	10	3	23	25300	27600	4	3	2156	2156	1	476	476	1	455	318	311	302	65	58	49	1	21	2183	0
24	0	11	0	20	19036	21000	49	9	2246	2246	1	416	439	0.947608200455581	315	119	144	239	68	93	188	13	14	1603	770
24	0	11	1	20	19000	21000	3	9	2207	2207	1	427	427	1	595	52	161	47	179	288	174	10	14	1111	0
24	0	11	2	24	29330	30000	3	22	2210	2210	1	581	581	1	215	90	316	85	68	294	63	13	14	3120	770
24	0	11	3	23	25300	27600	3	5	2146	2146	1	557	557	1	520	108	308	104	64	264	60	13	14	2075	0
24	0	12	0	23	26413	27600	40	52	2737	2737	1	422	422	1	1060	283	149	164	202	68	83	1	22	960	959
24	0	12	1	23	26413	27600	27	50	2340	2340	1	505	505	1	1080	154	248	116	122	215	84	10	11	1410	959
24	0	13	0	1	0	100	3	2	950	950	1	162	162	1	0	30	65	30	45	80	45	13	15	500	0
24	0	14	0	20	20740	21000	27	3	2061	2061	1	482	482	1	1195	114	250	96	87	223	68	13	11	7618	0
24	0	15	0	10	4600	5500	51	12	1348	1482	0.909581646423752	195	308	0.633116883116883	70	86	150	85	123	59	59	13	22	1994	250
24	0	15	1	10	4600	5500	4	5	1749	1749	1	238	238	1	195	81	48	42	168	135	129	13	22	700	0
24	0	16	0	4	600	1000	3	7	922	1141	0.80806310254163	208	208	1	210	43	88	41	56	100	53	13	14	610	360
24	0	17	0	37	69372	70300	42	11	3939	3939	1	585	585	1	115	324	148	154	353	177	183	1	20	11664	0
24	0	17	1	39	74100	78000	36	3	3554	3554	1	726	726	1	745	249	316	171	286	219	141	1	11	3617	0
24	0	17	2	39	74100	78000	12	15	3514	3514	1	727	727	1	680	233	324	151	317	227	145	1	20	7518	0
24	0	18	0	14	9501	10500	18	23	1988	1988	1	354	354	1	300	101	152	94	98	149	91	13	20	4020	0
24	0	19	0	22	23550	25300	38	53	2603	2603	1	420	420	1	65	200	122	185	169	91	154	10	11	2047	0
24	0	20	0	1	0	100	4	2	1020	1020	1	144	144	1	0	60	45	55	55	40	50	13	15	0	0
24	0	21	0	33	55848	56100	50	35	1500	3001	0.499833388870377	601	641	0.937597503900156	260	225	307	199	161	243	135	13	22	2510	0
24	0	22	0	20	19285	21000	44	23	2368	2368	1	397	397	1	130	230	161	164	159	90	93	13	2	12213	0
24	0	23	0	24	28016	30000	40	52	2881	2881	1	428	428	1	185	294	138	150	226	71	82	1	22	2216	510
24	0	23	1	23	25300	27600	3	21	2588	2588	1	421	421	1	800	160	134	125	223	197	188	13	11	4113	0
24	0	23	2	24	27600	30000	33	3	2969	2969	1	419	419	1	420	271	108	114	255	92	98	1	22	4027	0
24	0	25	0	42	88650	90300	3	26	1668	3337	0.499850164818699	843	843	1	330	234	459	227	119	344	112	10	2	0	0
24	0	25	1	3	550	600	3	5	793	1020	0.777450980392157	214	214	1	650	30	105	30	30	105	30	1	15	300	0
24	0	25	2	26	33450	35100	3	5	2348	2533	0.926964074220292	529	529	1	260	30	211	30	211	392	211	1	15	2600	0
24	0	25	3	29	43000	43500	3	5	3092	3120	0.991025641025641	414	414	1	195	30	30	30	430	430	430	1	20	2900	0
24	0	26	0	22	23700	25300	47	38	2585	2585	1	415	415	1	275	210	135	157	189	114	136	13	2	4648	500
24	0	28	0	28	38609	40600	44	17	3301	3301	1	304	500	0.608	360	305	196	201	211	102	107	13	2	1564	644
24	0	28	1	23	25300	27600	7	5	2660	2660	1	429	429	1	1830	205	143	125	212	151	133	13	15	1663	0
24	0	29	0	21	22991	23100	26	54	1043	2086	0.5	497	497	1	270	125	266	115	83	225	74	13	22	134	0
24	0	29	1	19	17100	19000	23	26	2002	2002	1	460	460	1	105	122	241	106	83	202	67	13	22	1731	0
24	0	29	2	19	17100	19000	23	12	1987	1987	1	465	465	1	290	118	246	102	79	208	63	13	22	6267	0
24	0	29	3	19	17100	19000	23	12	1974	1974	1	470	470	1	225	113	251	99	75	213	61	13	22	800	0
24	0	31	0	7	2450	2800	14	4	772	1544	0.5	207	207	1	275	103	50	55	126	73	78	13	2	270	0
24	0	32	0	23	25938	27600	36	23	2265	2265	1	277	522	0.530651340996169	320	104	258	90	115	269	100	13	14	2673	1832
24	0	33	0	23	25938	27600	34	15	2161	2409	0.897052718970527	484	484	1	85	135	172	257	78	115	200	13	2	1644	1832
24	0	34	0	6	2050	2100	11	4	762	1524	0.5	112	196	0.571428571428571	215	120	46	46	118	45	45	10	14	153	0
24	0	35	0	4	900	1000	4	2	1366	1366	1	170	170	1	390	102	37	39	105	40	42	10	2	620	0
24	0	36	0	7	2100	2800	4	14	1501	1501	1	220	220	1	280	107	67	71	101	61	65	10	20	540	500
24	0	37	0	22	24248	25300	47	3	2659	2659	1	398	408	0.975490196078431	480	220	128	113	220	128	113	1	2	6728	978
24	0	37	1	22	24248	25300	3	4	2048	2048	1	569	569	1	325	52	315	45	316	53	46	1	21	1800	512
24	0	37	2	22	24248	25300	3	5	2044	2044	1	570	570	1	260	46	314	43	320	52	49	1	21	1800	512
24	0	37	3	22	24248	25300	3	5	2023	2023	1	577	577	1	195	42	322	39	326	46	43	1	21	1900	512
24	0	38	0	18	15561	17100	40	45	2388	2388	1	263	357	0.736694677871149	160	223	111	132	174	62	83	10	22	716	570
24	0	38	1	24	27600	30000	35	26	2464	2464	1	508	508	1	830	197	247	136	134	184	73	10	22	1935	0
24	0	38	2	24	27600	30000	42	41	2821	2821	1	446	446	1	765	199	128	106	227	155	133	10	22	17303	0
24	0	38	3	24	27600	30000	50	54	2564	2564	1	495	495	1	200	165	207	100	167	210	103	13	22	13540	0
24	0	39	0	18	15511	17100	44	9	2251	2251	1	364	364	1	440	116	104	100	181	170	165	10	21	6305	542
24	0	40	0	49	120766	122500	40	52	4699	4699	1	757	757	1	90	514	273	303	364	123	153	1	22	8887	83
24	0	40	1	19	17433	19000	9	3	1044	2088	0.5	446	446	1	660	127	214	101	103	190	78	1	22	1137	83
24	0	40	2	48	117316	117600	3	5	3270	3270	1	1114	1114	1	130	30	667	30	30	667	30	1	22	4800	83
24	0	43	0	23	26193	27600	45	14	1375	2751	0.499818247909851	387	408	0.948529411764706	155	240	121	141	231	112	132	13	14	4064	466
24	0	44	0	20	19502	21000	21	49	2208	2208	1	432	443	0.975169300225734	945	135	167	228	69	100	162	10	2	400	770
24	0	44	1	20	19452	21000	17	7	2149	2149	1	447	447	1	245	167	212	179	88	133	100	1	2	1647	770
24	0	44	2	22	23100	25300	19	5	2805	2805	1	376	376	1	205	60	70	56	288	298	285	13	2	7020	0
24	0	45	0	33	55177	56100	36	13	2369	2369	1	694	694	1	165	199	382	194	97	280	92	10	2	2158	0
24	0	45	1	14	10133	10500	7	5	1927	1927	1	298	298	1	725	64	78	61	184	197	180	13	21	6683	0
24	0	45	2	33	55177	56100	5	5	3420	3420	1	634	634	1	65	30	30	480	30	30	480	13	21	3300	0
24	0	46	0	3	450	600	3	2	1080	1080	1	190	190	1	195	44	79	43	53	88	52	10	11	330	0
24	0	47	0	17	13745	15300	46	52	2193	2193	1	361	361	1	315	200	138	131	145	84	76	13	2	2575	0
24	0	48	0	34	56884	59500	38	8	3644	3644	1	548	548	1	195	336	162	175	141	315	154	13	15	3390	2860
24	0	49	0	28	39919	40600	23	35	2557	2557	1	582	599	0.971619365609349	255	169	315	144	116	262	91	13	15	11119	644
24	0	50	0	25	30517	32500	43	52	2369	2369	1	554	554	1	240	150	290	131	104	244	84	13	2	4233	0
24	0	50	1	25	30517	32500	11	33	2821	2821	1	461	461	1	515	229	148	175	197	116	143	10	22	4148	0
24	0	51	0	25	30517	32500	36	12	2289	2289	1	582	582	1	320	106	312	103	83	289	80	10	22	3502	0
24	0	52	0	20	19052	21000	9	27	2290	2290	1	427	427	1	265	124	135	210	98	109	184	10	21	1030	770
24	0	52	1	20	19000	21000	2	9	1937	1937	1	487	487	1	345	162	292	161	48	178	46	10	21	6130	0
24	0	52	2	20	19000	21000	2	9	1652	1652	1	494	494	1	280	141	289	141	49	197	49	10	21	1053	0
24	0	52	3	20	19000	21000	3	2	1926	1926	1	479	479	1	465	186	296	186	45	155	45	10	21	1097	0
24	0	53	0	3	450	600	3	2	1080	1080	1	191	191	1	145	54	79	62	42	68	51	13	11	120	240
24	0	54	0	25	32137	32500	32	1	2334	2334	1	454	454	1	300	257	174	184	118	202	128	13	15	5013	4567
24	0	54	1	25	32137	32500	3	9	2284	2284	1	593	593	1	595	99	321	87	77	299	65	13	14	3180	4567
24	0	55	0	18	15576	17100	52	2	1082	2165	0.499769053117783	397	397	1	860	118	119	211	85	87	178	13	2	181	0
24	0	56	0	15	11480	12000	46	55	1843	1843	1	211	380	0.555263157894737	670	119	179	107	83	142	70	1	14	240	2090
24	0	57	0	24	28016	30000	36	17	2253	2253	1	548	548	1	300	141	299	131	86	243	75	13	15	4513	510
24	0	57	1	23	26216	27600	4	3	2197	2197	1	562	562	1	780	75	291	68	75	291	68	13	15	1310	0
24	0	57	2	23	26216	27600	9	3	2137	2137	1	577	577	1	400	62	312	56	62	312	56	13	22	1500	0
24	0	58	0	28	39919	40600	50	23	2623	2623	1	460	591	0.77834179357022	205	148	284	139	129	265	120	10	22	10404	644
24	0	59	0	3	450	600	4	5	941	1204	0.78156146179402	132	170	0.776470588235294	105	73	47	53	73	47	53	13	14	120	220
24	0	59	1	3	450	600	3	5	962	1090	0.88256880733945	162	188	0.861702127659574	195	53	79	47	53	79	47	13	22	120	120
24	0	59	2	3	450	600	4	5	1108	1108	1	176	176	1	130	49	64	46	68	83	65	13	14	200	0
24	0	60	0	43	92001	94600	36	3	1653	3307	0.499848805563955	495	867	0.570934256055363	115	218	491	210	395	122	114	1	11	4315	0
24	0	60	1	34	56551	59500	3	5	2423	2570	0.942801556420233	834	834	1	195	30	492	30	30	492	30	1	22	3400	0
24	0	60	2	35	62901	63000	3	5	2563	2620	0.97824427480916	854	854	1	130	30	505	30	30	505	30	1	22	3500	0
24	0	60	3	39	74451	78000	3	5	2360	2820	0.836879432624113	934	934	1	65	30	555	30	30	555	30	1	22	3900	0
24	0	62	0	22	24130	25300	21	17	1197	2394	0.5	461	461	1	480	131	148	255	83	99	207	1	21	67	0
24	0	62	1	24	27600	30000	4	5	2966	2966	1	457	457	1	2080	195	142	193	169	116	167	1	22	1723	0
24	0	66	0	26	34743	35100	27	20	2026	2519	0.804287415641127	555	555	1	115	104	255	79	154	305	129	10	22	4095	466
24	0	67	0	26	34743	35100	35	2	2399	2399	1	294	589	0.499151103565365	135	118	305	112	282	95	89	10	11	1129	466
24	0	67	1	29	40600	43500	3	5	2775	2775	1	586	586	1	1495	155	259	141	158	262	144	13	2	12817	0
24	0	68	0	26	34743	35100	36	22	1234	2468	0.5	286	572	0.5	255	108	273	109	117	283	119	13	11	4064	466
24	0	71	0	23	26548	27600	52	40	2650	2650	1	348	436	0.798165137614679	125	253	157	192	170	75	110	13	21	628	1045
24	0	71	1	23	26610	27600	1	4	2579	2579	1	457	457	1	1495	163	136	220	131	104	188	1	22	1356	0
24	0	71	2	23	26610	27600	1	4	2554	2554	1	460	460	1	1430	173	146	232	120	94	180	13	21	1305	0
24	0	72	0	16	13581	13600	49	21	2042	2042	1	372	372	1	65	94	103	190	76	85	173	13	22	1723	0
24	0	76	0	31	46669	49600	54	26	2775	2775	1	374	642	0.582554517133956	225	151	321	123	147	317	119	13	15	2251	644
24	0	76	1	31	46500	49600	21	13	2896	2896	1	623	623	1	930	147	241	267	99	193	219	13	20	11959	0
24	0	76	2	31	46500	49600	36	18	2684	2684	1	671	671	1	300	148	357	139	103	312	94	13	15	2442	0
24	0	76	3	30	43500	46500	28	8	3555	3555	1	488	488	1	355	341	119	95	329	107	83	13	15	2327	0
24	0	77	0	14	9406	10500	45	25	1722	1722	1	310	310	1	315	131	81	113	143	92	125	1	22	596	0
24	0	77	1	13	9020	9100	36	36	1647	1647	1	367	367	1	235	83	183	80	62	162	59	10	20	3492	0
24	0	77	2	13	8070	9100	33	4	2382	2382	1	271	271	1	160	206	58	66	189	42	50	10	21	2609	0
24	0	78	0	22	24884	25300	39	3	2301	2301	1	484	484	1	155	148	227	122	120	200	94	13	14	925	542
24	0	82	0	19	18936	19000	46	52	2354	2354	1	383	383	1	155	167	125	115	175	133	123	13	11	3201	542
24	0	82	1	19	18936	19000	27	54	2142	2142	1	431	431	1	245	142	199	99	123	180	81	13	14	1165	0
24	0	82	2	19	18786	19000	7	22	2157	2157	1	417	417	1	550	126	180	94	144	197	111	10	14	920	0
24	0	82	3	19	18936	19000	1	53	2298	2298	1	410	410	1	355	106	95	234	82	71	210	10	14	900	0
24	0	86	0	24	28018	30000	36	18	1796	2304	0.779513888888889	269	539	0.499072356215213	75	135	281	117	249	104	86	1	11	7937	4267
24	0	86	1	23	25300	27600	47	7	2261	2261	1	517	517	1	245	148	268	128	102	222	82	1	22	2658	0
24	0	86	2	23	25300	27600	39	3	2663	2663	1	449	449	1	180	218	164	114	140	193	89	1	22	7696	0
24	0	86	3	23	25300	27600	24	20	2562	2562	1	466	466	1	365	172	183	90	184	195	102	1	22	2024	1278
24	0	89	0	24	27775	30000	12	49	2378	2378	1	511	511	1	265	159	242	174	111	194	127	1	11	7154	250
24	0	92	0	38	72996	74100	38	32	3165	3165	1	641	641	1	465	329	233	230	271	175	172	1	14	5119	0
24	0	93	0	24	28040	30000	52	40	2754	2754	1	446	446	1	155	262	157	181	189	84	108	1	21	954	500
24	0	93	1	29	40600	43500	1	4	3011	3011	1	534	534	1	1495	201	157	271	159	116	229	13	21	2835	0
24	0	94	0	25	31606	32500	40	52	2707	2707	1	476	476	1	165	262	191	216	159	88	113	1	2	4047	500
24	0	97	0	19	18020	19000	40	33	2376	2376	1	383	383	1	185	187	118	161	152	82	126	13	2	4057	0
24	0	98	0	19	18020	19000	45	21	2197	2197	1	411	411	1	265	168	152	234	81	65	147	1	2	4469	0
24	0	99	0	29	43057	43500	35	55	2603	2603	1	601	601	1	405	218	330	192	114	226	88	13	2	4238	0
24	0	99	1	29	43057	43500	4	3	3471	3471	1	425	425	1	325	228	45	42	409	226	223	13	2	5522	0
24	0	100	0	20	19255	21000	56	49	2292	2292	1	430	430	1	100	127	132	234	82	87	190	13	2	4483	0
24	0	100	1	24	27600	30000	33	11	2984	2984	1	419	419	1	355	282	102	146	239	59	104	10	22	17908	0
24	0	100	2	20	19000	21000	3	5	1889	1889	1	548	548	1	65	35	310	34	35	310	34	1	14	6955	0
24	0	107	0	22	24875	25300	7	20	2283	2283	1	482	482	1	635	115	215	115	127	228	127	13	20	3697	0
24	0	108	0	19	18936	19000	44	49	2319	2319	1	206	387	0.532299741602067	295	221	152	158	149	80	86	13	20	1203	542
24	0	108	1	19	18936	19000	1	5	2354	2354	1	405	405	1	985	94	77	211	100	84	218	10	20	900	0
24	0	109	0	20	19750	21000	38	1	2510	2510	1	383	383	1	630	234	129	125	196	90	87	10	15	2550	0
24	0	109	1	22	23100	25300	25	25	2581	2581	1	427	427	1	1580	184	136	137	184	136	137	13	15	11831	0
24	0	109	2	23	25300	27600	13	15	2470	2470	1	470	470	1	150	181	164	286	81	64	186	13	15	1437	0
24	0	109	3	23	25300	27600	7	9	2422	2422	1	477	477	1	85	84	188	57	186	291	160	13	15	1970	0
24	0	112	0	26	33293	35100	40	33	2906	2906	1	464	464	1	155	320	179	203	205	64	88	10	2	879	2836
24	0	117	0	24	27685	30000	46	17	2498	2498	1	258	480	0.5375	140	258	236	199	115	137	79	1	2	297	3700
24	0	118	0	18	16976	17100	25	21	1962	2239	0.876284055381867	389	389	1	550	106	97	184	108	99	186	1	22	48	1060
24	0	121	0	22	23645	25300	40	24	1891	2476	0.76373182552504	399	439	0.908883826879271	205	222	185	153	161	124	92	13	20	787	512
24	0	121	1	22	23645	25300	27	50	1370	2182	0.627864344637947	255	510	0.5	885	124	265	106	96	236	78	13	20	965	512
24	0	123	0	20	19078	21000	12	55	2370	2370	1	420	420	1	785	172	164	94	165	157	87	13	2	5691	0
24	0	123	1	24	27600	30000	17	3	2348	2348	1	534	534	1	995	139	268	118	110	239	89	13	2	2847	0
24	0	123	2	24	27600	30000	1	2	2531	2531	1	505	505	1	1430	110	170	196	108	168	193	10	2	1844	0
24	0	123	3	23	25300	27600	11	11	2685	2685	1	447	447	1	1115	219	155	127	189	125	97	1	21	16192	0
24	0	124	0	17	14730	15300	53	13	1250	2129	0.58713010803194	389	389	1	355	81	90	222	64	73	205	13	2	114	1113
24	0	124	1	27	35100	37800	4	5	2923	2923	1	476	476	1	1365	141	117	156	238	214	253	10	21	8276	0
24	0	124	2	26	32500	35100	1	5	2347	2347	1	515	515	1	1170	119	130	268	109	120	258	10	21	6487	0
24	0	124	3	21	21000	23100	3	5	2072	2072	1	528	528	1	520	67	271	75	268	64	72	10	21	6941	0
24	0	125	0	29	43114	43500	18	26	2613	2613	1	606	606	1	415	189	320	175	117	248	102	1	2	2217	3050
24	0	125	1	29	43114	43500	7	3	2744	2744	1	581	581	1	1245	148	264	124	173	289	149	1	22	1800	0
24	0	125	2	29	43114	43500	4	3	3074	3074	1	529	529	1	1430	210	183	111	245	218	146	13	22	1800	0
24	0	125	3	29	43114	43500	3	9	2674	2674	1	619	619	1	1115	149	305	126	125	281	102	13	22	1800	0
24	0	127	0	31	46669	49600	51	35	2901	2901	1	621	621	1	105	147	272	134	293	168	155	10	15	10125	644
24	0	127	1	30	43500	46500	12	4	3155	3155	1	528	528	1	790	181	167	81	285	272	185	10	15	7425	0
24	0	127	2	30	43500	46500	12	3	2978	2978	1	518	518	1	725	86	159	79	372	300	293	10	15	7945	0
24	0	129	0	33	53406	56100	36	35	1204	2408	0.5	425	683	0.622254758418741	105	199	369	173	122	291	95	13	22	3020	0
24	0	129	1	36	63000	66600	4	5	3583	3583	1	593	593	1	1235	240	185	166	313	257	238	10	21	2024	0
24	0	129	2	34	58050	59500	4	5	1722	3445	0.499854862119013	529	529	1	1040	124	114	96	377	367	349	13	21	2274	0
24	0	131	0	24	27732	30000	38	47	2201	2847	0.773094485423253	428	428	1	465	256	132	133	235	111	112	1	14	2244	500
24	0	133	0	21	21718	23100	21	57	2034	2034	1	444	444	1	95	136	132	234	90	86	188	13	20	2718	83
24	0	133	1	26	32500	35100	9	20	2429	2429	1	595	595	1	355	96	291	111	283	88	103	10	15	6751	0
24	0	133	2	20	19000	21000	8	19	3097	3097	1	348	348	1	540	254	53	73	265	65	85	1	15	2936	0
24	0	133	3	25	30000	32500	1	15	2725	2725	1	441	441	1	475	79	95	132	245	260	297	13	15	12680	0
24	0	134	0	49	117841	122500	51	26	3944	3944	1	883	883	1	75	294	441	263	226	373	196	10	21	346	83
24	0	137	0	21	21563	23100	40	4	2888	2888	1	385	385	1	315	200	100	109	226	127	136	1	2	975	959
24	0	137	1	29	40600	43500	15	3	3042	3042	1	515	515	1	855	89	105	179	244	228	318	13	15	7607	0
24	0	137	2	24	27600	30000	4	5	3254	3254	1	384	384	1	585	329	57	61	326	54	58	1	15	3668	0
24	0	141	0	33	53107	56100	45	54	3344	3344	1	547	547	1	100	172	151	139	308	287	275	1	2	3359	537
24	0	141	1	33	53107	56100	3	3	2150	2150	1	810	810	1	260	33	476	32	476	33	32	13	14	3200	537
24	0	141	2	33	53107	56100	4	3	3647	3647	1	458	458	1	195	473	36	33	473	35	32	13	22	3200	537
24	0	141	3	33	53107	56100	3	3	2530	2530	1	635	635	1	130	472	476	471	33	37	32	13	22	3200	424
24	0	142	0	19	18130	19000	34	52	2365	2365	1	392	392	1	455	138	109	130	156	128	148	13	20	7532	0
24	0	142	1	21	21000	23100	4	5	2467	2467	1	392	392	1	1170	108	104	91	226	221	208	13	15	6047	0
24	0	143	0	24	29643	30000	36	26	2334	2334	1	370	535	0.691588785046729	145	123	259	139	98	234	114	10	2	2394	1799
24	0	143	1	23	25300	27600	4	4	2661	2661	1	447	447	1	1495	218	160	128	189	131	99	10	22	2271	0
24	0	143	2	24	28985	30000	41	3	2731	2731	1	427	427	1	550	141	112	97	255	225	210	10	2	7981	1799
24	0	143	3	24	29435	30000	17	9	2279	2279	1	560	563	0.994671403197158	485	98	290	91	87	279	80	10	2	8249	1799
24	0	144	0	21	21032	23100	36	35	1050	2100	0.5	276	499	0.55310621242485	285	118	262	109	83	228	75	1	2	4765	0
24	0	144	1	20	19000	21000	45	29	2490	2490	1	391	391	1	245	173	116	95	201	144	123	13	14	4204	0
24	0	144	2	23	25300	27600	27	23	2493	2493	1	535	535	1	680	100	266	81	103	269	84	10	22	7925	0
24	0	144	3	23	25300	27600	26	12	2179	2179	1	556	556	1	605	105	301	91	71	268	57	13	22	11193	0
24	0	145	0	14	9170	10500	42	1	2080	2080	1	307	307	1	165	150	78	100	153	81	103	13	2	5996	0
24	0	145	1	14	10471	10500	41	42	2096	2096	1	300	300	1	245	155	76	84	170	91	99	10	21	5992	0
24	0	146	0	14	9170	10500	31	24	1816	1816	1	356	356	1	105	105	154	93	96	145	84	13	2	5321	0
24	0	146	1	15	10500	12000	3	27	1805	1805	1	396	396	1	280	62	182	58	87	207	83	13	14	3526	0
24	0	147	0	20	20563	21000	38	6	2517	2517	1	378	378	1	1470	229	120	133	197	88	101	10	2	7920	0
24	0	149	0	20	19820	21000	38	55	2347	2347	1	398	398	1	475	197	152	158	160	115	121	1	22	7564	0
24	0	151	0	24	28018	30000	39	3	2401	2401	1	443	521	0.850287907869482	155	124	241	110	131	248	117	1	2	3993	4267
24	0	151	1	23	25300	27600	19	3	2465	2465	1	460	460	1	995	205	201	164	155	152	114	10	2	1538	0
24	0	151	2	23	25300	27600	34	3	2465	2465	1	480	480	1	930	128	184	129	147	203	148	1	2	1702	0
24	0	151	3	23	25300	27600	19	3	2598	2598	1	424	424	1	1115	112	118	90	237	243	215	13	2	1834	0
24	0	154	0	19	18130	19000	40	30	2708	2708	1	367	367	1	645	246	122	136	185	61	75	1	15	17051	0
24	0	154	1	24	27600	30000	13	4	2705	2705	1	469	469	1	1245	181	134	220	140	93	179	1	21	6654	0
24	0	154	2	22	23100	25300	3	5	2206	2206	1	516	516	1	1105	123	264	98	234	93	68	13	15	2048	0
24	0	156	0	17	14730	15300	41	23	1805	1915	0.942558746736292	205	411	0.498783454987835	225	114	203	105	184	96	86	1	2	604	1113
24	0	156	1	22	23100	25300	3	5	2348	2348	1	469	469	1	1495	138	201	123	139	202	124	13	22	1218	0
24	0	156	2	21	21000	23100	4	2	2405	2405	1	426	426	1	1180	195	168	152	153	126	110	10	2	1795	0
24	0	156	3	21	21000	23100	1	1	2419	2419	1	421	421	1	1115	144	141	133	166	169	158	13	22	11140	0
24	0	160	0	19	18572	19000	45	52	2320	2320	1	383	383	1	105	143	128	89	188	172	134	1	2	3698	0
24	0	161	0	24	28764	30000	45	16	2896	2896	1	427	427	1	185	272	127	135	235	90	98	10	20	2712	0
24	0	164	0	24	28537	30000	18	23	1147	2295	0.499782135076253	536	538	0.996282527881041	285	153	287	133	98	232	78	13	20	732	0
24	0	164	1	24	29987	30000	11	5	1342	2684	0.5	464	464	1	745	186	163	124	194	171	132	13	15	2526	0
24	0	165	0	23	27466	27600	50	41	2398	2398	1	487	487	1	190	116	207	99	153	244	136	13	2	130	510
24	0	165	1	23	25300	27600	3	5	2453	2453	1	487	487	1	715	151	199	147	129	177	125	1	2	6955	0
24	0	165	2	24	27600	30000	4	5	2637	2637	1	461	461	1	650	183	151	201	160	129	178	1	2	6500	0
24	0	167	0	14	9170	10500	31	44	2065	2065	1	304	304	1	235	153	81	101	156	85	104	13	15	4086	0
24	0	167	1	14	9170	10500	17	7	1810	1810	1	350	350	1	245	109	151	104	97	139	92	13	15	6562	0
24	0	171	0	14	9170	10500	3	36	1742	1742	1	370	370	1	465	76	171	75	86	182	86	13	15	5187	0
24	0	172	0	21	22972	23100	48	18	2115	2115	1	493	493	1	525	131	260	115	87	216	71	1	22	6784	0
24	0	172	1	21	22990	23100	28	16	2619	2619	1	392	392	1	745	238	121	128	90	207	97	1	15	5686	0
24	0	172	2	26	32500	35100	15	3	2588	2588	1	542	542	1	1180	131	208	222	98	175	190	10	11	2800	0
24	0	172	3	23	26090	27600	11	11	2725	2725	1	428	428	1	615	268	151	152	200	83	84	1	2	5291	0
24	0	174	0	21	21248	23100	40	13	2421	2421	1	414	414	1	685	266	182	192	149	65	74	13	14	2929	0
24	0	174	1	21	21248	23100	12	27	2110	2110	1	496	496	1	615	132	263	118	83	213	69	13	22	8740	0
24	0	174	2	21	21248	23100	22	12	2095	2095	1	485	485	1	300	164	268	150	80	184	66	10	2	8620	0
24	0	175	0	25	30591	32500	44	55	2881	2881	1	449	449	1	95	268	148	162	219	99	113	1	11	4631	0
24	0	177	0	19	17358	19000	50	7	2107	2107	1	434	434	1	430	101	192	85	127	219	111	13	11	6013	0
24	0	177	1	19	17358	19000	3	5	1912	1912	1	504	504	1	650	58	271	54	55	268	51	10	14	4063	0
24	0	179	0	23	25897	27600	40	12	3005	3005	1	347	421	0.824228028503563	565	271	146	152	210	85	91	1	11	629	4267
24	0	179	1	22	23100	25300	3	5	2400	2400	1	532	532	1	845	97	274	71	86	263	60	1	2	8616	0
24	0	179	2	22	23100	25300	3	5	2179	2179	1	530	530	1	780	107	276	79	85	254	57	13	22	2841	0
24	0	179	3	22	23100	25300	3	5	2577	2577	1	376	376	1	585	88	75	66	284	270	261	13	2	6358	0
24	0	180	0	33	52920	56100	23	49	3018	3018	1	633	633	1	130	250	309	203	169	228	122	13	2	5662	537
24	0	180	1	31	47700	49600	47	9	2561	2561	1	634	634	1	570	244	351	205	117	224	78	13	22	8426	537
24	0	180	2	33	52920	56100	3	5	2785	2785	1	757	757	1	325	166	475	166	342	33	33	13	22	3350	537
24	0	180	3	33	52920	56100	3	5	2366	2366	1	810	810	1	260	33	476	32	476	33	32	13	22	3350	537
24	0	182	0	19	18920	19000	4	18	2363	2363	1	375	375	1	340	187	121	138	174	109	125	10	14	2949	0
24	0	182	1	19	17980	19000	46	3	2312	2312	1	388	388	1	885	219	154	154	150	85	85	10	14	1748	0
24	0	182	2	19	17980	19000	3	34	2036	2036	1	453	453	1	1070	96	215	105	212	93	102	10	14	1418	0
24	0	182	3	19	17980	19000	19	22	2515	2515	1	347	347	1	505	185	80	77	239	134	131	10	14	1388	0
24	0	183	0	34	57463	59500	40	7	3050	3050	1	556	556	1	115	360	184	209	287	111	136	1	20	1940	0
24	0	183	1	30	43500	46500	18	17	3062	3062	1	602	602	1	420	197	297	152	159	259	114	13	21	15680	0
24	0	183	2	32	49600	52800	3	9	3648	3648	1	457	457	1	75	45	50	41	449	444	440	10	11	3506	0
24	0	183	3	33	52800	56100	4	2	3665	3665	1	462	462	1	195	179	44	45	461	326	327	10	14	3651	0
24	0	184	0	25	30969	32500	34	3	1307	2615	0.49980879541109	501	501	1	95	123	150	261	104	131	242	13	2	1097	0
24	0	185	0	19	17666	19000	4	28	2488	2488	1	366	366	1	755	218	107	110	199	88	92	10	22	2670	100
24	0	188	0	19	17666	19000	7	51	2129	2129	1	436	436	1	795	111	190	97	118	197	104	13	11	1686	100
24	0	190	0	27	37185	37800	46	55	2611	2611	1	552	552	1	145	226	272	207	118	164	99	1	22	5562	4567
24	0	190	1	27	37185	37800	4	5	3319	3319	1	477	477	1	1430	187	124	130	250	186	193	10	22	1500	0
24	0	191	0	24	27648	30000	1	9	2520	2520	1	495	497	0.995975855130785	85	136	170	241	94	128	200	13	20	1215	2836
24	0	192	0	26	33365	35100	45	39	1529	3059	0.499836547891468	449	449	1	455	294	134	142	254	94	102	13	2	1233	0
24	0	194	0	33	53051	56100	36	49	2773	2773	1	417	699	0.59656652360515	200	172	383	160	108	319	96	13	15	3330	537
24	0	194	1	33	53051	56100	4	3	3414	3414	1	458	458	1	260	35	36	33	472	473	471	13	14	3200	537
24	0	194	2	33	53051	56100	3	5	2531	2531	1	634	634	1	195	472	476	472	33	36	32	13	22	3200	424
24	0	194	3	33	53051	56100	3	5	2898	2898	1	459	459	1	130	34	37	33	471	474	471	13	21	3200	311
24	0	195	0	23	26550	27600	38	39	2716	2716	1	416	416	1	535	244	135	146	219	110	121	10	2	603	0
24	0	196	0	23	26150	27600	44	53	2710	2710	1	415	415	1	155	173	110	111	237	173	175	13	2	1069	400
24	0	197	0	21	21023	23100	21	35	2322	2322	1	457	457	1	280	119	152	227	77	110	185	13	20	1953	2620
24	0	197	1	21	21150	23100	29	9	2472	2472	1	403	403	1	830	147	121	121	197	171	172	13	15	5225	627
24	0	197	2	21	21150	23100	40	9	2165	2615	0.82791586998088	399	399	1	515	247	131	130	198	81	80	13	21	5045	627
24	0	197	3	20	19600	21000	18	9	1478	2044	0.723091976516634	485	485	1	700	107	251	105	77	221	76	13	15	5562	1271
24	0	198	0	14	10150	10500	13	21	1896	1896	1	350	350	1	975	72	87	200	49	64	177	1	2	1366	0
24	0	199	0	18	15300	17100	31	55	2447	2447	1	345	345	1	895	213	91	101	205	84	93	13	2	2545	460
24	0	202	0	25	32235	32500	23	27	2841	2841	1	445	445	1	90	171	120	110	250	199	189	1	2	4605	4567
24	0	202	1	25	32235	32500	1	5	2529	2529	1	532	532	1	1820	134	228	134	129	223	129	13	22	1100	0
24	0	204	0	25	32235	32500	38	28	2896	2896	1	401	443	0.905191873589165	180	268	143	151	233	107	116	13	2	2635	4567
24	0	205	0	23	26223	27600	31	10	2640	2691	0.981047937569677	430	430	1	215	225	134	171	189	99	135	13	11	2566	1832
24	0	207	0	32	52627	52800	40	52	2806	3457	0.811686433323691	539	539	1	75	345	177	199	264	95	117	1	14	2756	7890
24	0	207	1	24	27600	30000	1	5	2701	2701	1	466	466	1	1495	166	132	194	157	123	184	1	21	2763	0
24	0	207	2	19	17100	19000	3	13	2338	2372	0.98566610455312	320	320	1	205	44	38	39	293	287	288	13	21	1660	0
24	0	207	3	24	27600	30000	3	1	2081	2093	0.994266602962255	627	627	1	260	36	360	34	36	359	33	1	11	2333	0
24	0	210	0	13	8756	9100	34	23	1804	1804	1	328	328	1	255	88	97	179	62	71	153	13	22	11673	959
24	0	210	1	22	23100	25300	7	9	2387	2387	1	531	531	1	410	86	263	102	249	72	88	10	14	11555	0
24	0	210	2	22	23100	25300	4	5	3187	3187	1	387	387	1	845	261	77	109	64	249	97	10	14	17547	0
24	0	210	3	21	21000	23100	1	5	2448	2448	1	446	446	1	780	78	84	264	72	78	258	10	14	966	0
24	0	212	0	24	29540	30000	22	56	2309	2309	1	520	544	0.955882352941177	115	134	280	123	96	242	84	1	11	40557	400
24	0	212	1	28	37800	40600	4	3	2949	2949	1	525	525	1	1245	254	209	159	201	156	106	1	22	1666	0
24	0	212	2	25	30000	32500	3	1	2775	2775	1	405	405	1	455	63	71	55	328	336	320	1	14	2324	0
24	0	212	3	24	27600	30000	3	1	2127	2127	1	615	615	1	325	46	345	47	44	343	45	1	15	2117	0
24	0	213	0	24	29240	30000	40	35	2851	2851	1	431	431	1	135	298	147	160	218	67	80	1	11	2847	250
24	0	213	1	27	35100	37800	18	3	2481	2481	1	617	617	1	540	116	322	80	100	307	64	1	11	8088	0
24	0	213	2	28	37800	40600	7	3	2759	2759	1	499	499	1	530	226	218	193	215	207	182	1	11	1646	0
24	0	213	3	28	37800	40600	3	5	2767	2767	1	494	494	1	715	226	211	200	219	205	193	1	11	2260	0
24	0	214	0	24	29317	30000	43	17	2358	2358	1	536	536	1	275	127	265	102	116	253	91	10	21	5929	1266
24	0	214	1	24	28966	30000	3	7	1846	1846	1	600	600	1	335	62	330	57	58	326	53	10	21	4968	1266
24	0	214	2	23	25300	27600	4	11	2640	2640	1	383	383	1	270	315	73	63	301	59	49	10	21	2213	0
24	0	214	3	24	29166	30000	7	5	1828	1828	1	606	606	1	205	58	338	54	52	332	48	10	21	4209	1266
24	0	215	0	35	59821	63000	21	34	3566	3566	1	566	566	1	630	163	128	136	336	302	310	1	11	2129	0
24	0	215	1	35	59821	63000	3	12	3353	3353	1	630	630	1	335	221	232	214	217	227	209	1	11	4529	0
24	0	217	0	19	18230	19000	44	55	2419	2419	1	377	377	1	105	183	114	111	185	115	112	13	15	6304	0
24	0	217	1	21	21000	23100	47	3	1955	1955	1	457	457	1	495	149	201	111	187	135	97	13	14	3676	0
24	0	217	2	23	25300	27600	29	14	2976	2976	1	417	417	1	290	154	105	100	191	240	187	1	14	1206	0
24	0	217	3	22	23100	25300	18	7	2142	2142	1	493	493	1	345	108	219	107	117	228	116	13	14	1361	0
24	0	219	0	53	142333	143100	36	17	4005	4005	1	503	1007	0.499503475670308	285	295	556	254	437	176	135	1	15	9229	2033
24	0	219	1	48	113283	117600	3	5	3235	3270	0.989296636085627	1114	1114	1	260	30	667	30	30	667	30	13	2	4800	0
24	0	219	2	49	120383	122500	3	5	3285	3335	0.985007496251874	1129	1129	1	195	34	674	33	34	674	33	13	2	4800	0
24	0	219	3	49	120383	122500	3	5	3310	3320	0.996987951807229	1134	1134	1	130	30	680	30	30	680	30	13	2	4900	0
24	0	220	0	32	49864	52800	36	35	2737	2737	1	675	675	1	335	175	367	160	113	304	97	1	15	2734	2362
24	0	220	1	32	49864	52800	18	3	2745	2745	1	651	651	1	800	243	369	218	114	240	89	1	14	3508	562
24	0	220	2	32	49864	52800	3	2	3215	3215	1	519	519	1	780	90	128	76	350	388	336	1	14	3508	562
24	0	220	3	32	49864	52800	4	2	3788	3788	1	506	506	1	715	369	113	90	359	103	80	1	14	3608	562
24	0	221	0	20	20966	21000	52	46	2307	2307	1	428	428	1	195	172	174	138	132	134	98	1	11	1794	0
24	0	221	1	25	30000	32500	4	15	2226	2226	1	484	484	1	855	170	172	216	149	152	195	1	20	6731	0
24	0	225	0	22	25200	25300	45	39	2834	2834	1	391	391	1	75	258	96	101	248	86	91	10	2	2497	433
24	0	229	0	16	12321	13600	26	51	1457	2007	0.725959142999502	362	362	1	830	154	150	130	119	115	95	13	20	1104	1440
24	0	234	0	11	5761	6600	44	39	1852	1852	1	266	266	1	205	164	84	80	139	59	55	1	15	9318	120
24	0	234	1	18	15300	17100	17	23	2101	2101	1	408	408	1	1015	148	185	101	126	163	79	1	15	7764	0
24	0	234	2	18	15300	17100	35	17	2067	2067	1	417	417	1	950	148	198	103	114	164	69	1	15	6657	0
24	0	234	3	18	15300	17100	35	17	2055	2055	1	422	422	1	885	141	202	98	111	172	67	1	15	7196	0
24	0	236	0	16	13595	13600	40	52	2139	2139	1	341	341	1	375	177	119	118	151	93	92	13	2	1290	0
24	0	236	1	23	25300	27600	17	27	2439	2439	1	485	485	1	950	160	212	123	143	195	106	13	11	1941	0
24	0	236	2	19	17100	19000	13	5	2314	2314	1	417	417	1	530	84	77	262	59	53	238	13	14	1122	0
24	0	240	0	20	19397	21000	40	33	2092	2092	1	387	387	1	400	264	148	166	170	54	72	10	20	1469	0
24	0	242	0	11	5991	6600	19	35	1442	1518	0.949934123847167	271	337	0.804154302670623	200	65	167	64	159	58	57	10	15	2425	0
24	0	242	1	32	51350	52800	8	28	3307	3307	1	523	523	1	680	164	131	129	318	286	283	13	22	1774	1100
24	0	242	2	16	12000	13600	4	5	1955	1955	1	332	332	1	975	187	90	70	187	90	70	13	14	11181	0
24	0	245	0	18	17058	17100	40	18	2079	2079	1	389	389	1	280	228	195	192	105	72	69	1	11	5545	0
24	0	245	1	18	17058	17100	3	5	1858	1858	1	482	482	1	715	66	260	62	54	248	50	13	22	4339	0
24	0	245	2	18	17058	17100	3	5	1853	1853	1	484	484	1	585	63	262	59	52	251	48	13	22	3811	0
24	0	245	3	18	17058	17100	3	5	1860	1860	1	485	485	1	520	63	262	54	54	253	45	13	22	3886	0
24	0	246	0	20	20208	21000	44	51	1978	1978	1	419	419	1	445	157	136	216	105	83	164	1	14	4355	0
24	0	246	1	21	21000	23100	3	9	2095	2095	1	524	524	1	465	80	273	60	77	269	56	10	22	1781	0
24	0	246	2	20	20208	21000	4	5	2852	2852	1	345	345	1	650	279	58	61	275	54	58	1	22	1300	0
24	0	251	0	16	13445	13600	39	45	2079	2079	1	357	357	1	145	162	130	142	119	87	99	1	2	2240	0
24	0	255	0	19	18480	19000	26	12	2015	2015	1	449	449	1	135	145	235	132	84	174	71	13	2	8117	0
24	0	256	0	12	6720	7800	4	1	1802	1802	1	292	292	1	1020	169	117	121	112	60	64	13	22	3713	0
24	0	256	1	12	6720	7800	3	5	1623	1623	1	335	335	1	1040	77	155	71	83	161	77	13	14	3603	0
24	0	256	2	12	6720	7800	1	5	1791	1791	1	301	301	1	910	92	81	145	88	78	141	13	14	600	0
24	0	262	0	20	19398	21000	40	55	2545	2545	1	291	379	0.767810026385224	245	259	127	140	193	60	73	13	2	2753	0
24	0	262	1	20	19398	21000	9	12	1991	1991	1	511	511	1	215	81	276	71	63	257	52	13	14	5858	0
24	0	263	0	19	18136	19000	55	23	2058	2058	1	340	444	0.765765765765766	585	113	213	101	107	207	95	13	11	7682	542
24	0	263	1	19	17100	19000	3	5	2027	2027	1	450	450	1	325	71	211	71	114	254	113	13	2	1405	0
24	0	264	0	22	23150	25300	45	45	1346	2693	0.499814333457111	408	408	1	245	228	116	144	205	93	121	10	2	39	0
